file_name,pdb_id,structure_type,state,alpha_chain,beta_chain,antigen_chain,mhc_chain1,mhc_chain2,cdr_sequences_collated,peptide_sequence,mhc_slug
1ao7_D-E-C-A-B_tcr_pmhc.pdb,1ao7,tcr_pmhc,holo,D,E,C,A,B,DRGSQS-IYSNGD-AVTTDSWGKLQ-MNHEY-SVGAGI-ASRPGLAGGRPEQY,LLFGYPVYV,hla_a_02_01
1bd2_D-E-C-A-B_tcr_pmhc.pdb,1bd2,tcr_pmhc,holo,D,E,C,A,B,NSMFDY-ISSIKDK-AAMEGAQKLV-MNHEY-SVGAGI-ASSYPGGGFYEQY,LLFGYPVYV,hla_a_02_01
1bii_A-B-P_pmhc.pdb,1bii,pmhc,apo,,,P,A,B,,RGPGRAFVTI,h2_dd
1ddh_A-B-P_pmhc.pdb,1ddh,pmhc,apo,,,P,A,B,,RGPGRAFVTI,h2_dd
1duz_A-B-C_pmhc.pdb,1duz,pmhc,apo,,,C,A,B,,LLFGYPVYV,hla_a_02_01
1duz_D-E-F_pmhc.pdb,1duz,pmhc,apo,,,F,D,E,,LLFGYPVYV,hla_a_02_01
1fo0_A-B-P-H-L_tcr_pmhc.pdb,1fo0,tcr_pmhc,holo,A,B,P,H,L,TQDSSYF-QDSYKKEN-AMRGDYGGSGNKLI-NSQYPW-LRSPGD-TCSADRVGNTLY,INFDFNTI,h2_kb
1fzj_A-B-P-C_pmhc.pdb,1fzj,pmhc,apo,,,P,A,B,,RGYVYQGL,h2_kb
1fzm_A-B-P-C_pmhc.pdb,1fzm,pmhc,apo,,,P,A,B,,RGYVYQGL,h2_kb
1g6r_A-B-P-H-L_tcr_pmhc.pdb,1g6r,tcr_pmhc,holo,A,B,P,H,L,YSATPY-YYSGDPVV-AVSGFASALT-NNHNN-SYGAGS-ASGGGGTLY,,
1g6r_C-D-Q-I-M_tcr_pmhc.pdb,1g6r,tcr_pmhc,holo,C,D,Q,I,M,YSATPY-YYSGDPVV-AVSGFASALT-NNHNN-SYGAGS-ASGGGGTLY,,
1hhi_A-B-C_pmhc.pdb,1hhi,pmhc,apo,,,C,A,B,,GILGFVFTL,hla_a_02_01
1hhi_D-E-F_pmhc.pdb,1hhi,pmhc,apo,,,F,D,E,,GILGFVFTL,hla_a_02_01
1hhk_A-B-C_pmhc.pdb,1hhk,pmhc,apo,,,C,A,B,,LLFGYPVYV,hla_a_02_01
1hhk_D-E-F_pmhc.pdb,1hhk,pmhc,apo,,,F,D,E,,LLFGYPVYV,hla_a_02_01
1hoc_A-B-C_pmhc.pdb,1hoc,pmhc,apo,,,C,A,B,,ASNENMETM,h2_db
1i4f_A-B-C_pmhc.pdb,1i4f,pmhc,apo,,,C,A,B,,GVYDGREHTV,hla_a_02_01
1jf1_A-B-C_pmhc.pdb,1jf1,pmhc,apo,,,C,A,B,,ELAGIGILTV,hla_a_02_01
1kgc_D-E_tcr.pdb,1kgc,tcr,apo,D,E,,,,TISGTDY-GLTSN-ILPLAGGTSYGKLT-SGHVS-FQNEAQ-ASSLGQAYEQY,,
1kpu_A-B-P-C_pmhc.pdb,1kpu,pmhc,apo,,,P,A,B,,RGYVYQGL,h2_kb
1m05_A-B-E_pmhc.pdb,1m05,pmhc,apo,,,E,A,B,,FLRGRAYGL,hla_b_08_01
1m05_C-D-F_pmhc.pdb,1m05,pmhc,apo,,,F,C,D,,FLRGRAYGL,hla_b_08_01
1mi5_D-E-C-A-B_tcr_pmhc.pdb,1mi5,tcr_pmhc,holo,D,E,C,A,B,TISGTDY-GLTSN-ILPLAGGTSYGKLT-SGHVS-FQNEAQ-ASSLGQAYEQY,FLRGRAYGL,hla_b_08_01
1mwa_A-B-P-H-L_tcr_pmhc.pdb,1mwa,tcr_pmhc,holo,A,B,P,H,L,YSATPY-YYSGDPVV-AVSGFASALT-NNHNN-SYGAGS-ASGGGGTLY,,
1mwa_C-D-Q-I-M_tcr_pmhc.pdb,1mwa,tcr_pmhc,holo,C,D,Q,I,M,YSATPY-YYSGDPVV-AVSGFASALT-NNHNN-SYGAGS-ASGGGGTLY,,
1nam_A-B-P-H-L_tcr_pmhc.pdb,1nam,tcr_pmhc,holo,A,B,P,H,L,TQDSSYF-QDSYKKEN-AMRGDYGGSGNKLI-NSQYPW-LRSPGD-TCSADRVGNTLY,RGYVYQGL,h2_kb
1oga_D-E-C-A-B_tcr_pmhc.pdb,1oga,tcr_pmhc,holo,D,E,C,A,B,SVFSS-VVTGGEV-AGAGSQGNLI-LNHDA-SQIVND-ASSSRSSYEQY,GILGFVFTL,hla_a_02_01
1qrn_D-E-C-A-B_tcr_pmhc.pdb,1qrn,tcr_pmhc,holo,D,E,C,A,B,DRGSQS-IYSNGD-AVTTDSWGKLQ-MNHEY-SVGAGI-ASRPGLAGGRPEQY,LLFGYAVYV,hla_a_02_01
1qse_D-E-C-A-B_tcr_pmhc.pdb,1qse,tcr_pmhc,holo,D,E,C,A,B,DRGSQS-IYSNGD-AVTTDSWGKLQ-MNHEY-SVGAGI-ASRPGLAGGRPEQY,LLFGYPRYV,hla_a_02_01
1qsf_D-E-C-A-B_tcr_pmhc.pdb,1qsf,tcr_pmhc,holo,D,E,C,A,B,DRGSQS-IYSNGD-AVTTDSWGKLQ-MNHEY-SVGAGI-ASRPGLAGGRPEQY,LLFGYPVAV,hla_a_02_01
1s9w_A-B-C_pmhc.pdb,1s9w,pmhc,apo,,,C,A,B,,SLLMWITQC,hla_a_02_01
1tcr_A-B_tcr.pdb,1tcr,tcr,apo,A,B,,,,YSATPY-YYSGDPVV-AVSGFASALT-NNHNN-SYGAGS-ASGGGGTLY,,
1tvb_A-B-C_pmhc.pdb,1tvb,pmhc,apo,,,C,A,B,,ITDQVPFSV,hla_a_02_01
1tvb_D-E-F_pmhc.pdb,1tvb,pmhc,apo,,,F,D,E,,ITDQVPFSV,hla_a_02_01
1tvh_A-B-C_pmhc.pdb,1tvh,pmhc,apo,,,C,A,B,,IMDQVPFSV,hla_a_02_01
1tvh_D-E-F_pmhc.pdb,1tvh,pmhc,apo,,,F,D,E,,IMDQVPFSV,hla_a_02_01
1wby_A-B-C_pmhc.pdb,1wby,pmhc,apo,,,C,A,B,,SSLENFRAYV,h2_db
1yn6_A-B-C_pmhc.pdb,1yn6,pmhc,apo,,,C,A,B,,SSLENFRAYV,h2_db
1zhl_A-B-C_pmhc.pdb,1zhl,pmhc,apo,,,C,A,B,,LPEPLPQGQLTAY,hla_b_35_08
2av1_A-B-C_pmhc.pdb,2av1,pmhc,apo,,,C,A,B,,LLFGYPVYV,hla_a_02_01
2av1_D-E-F_pmhc.pdb,2av1,pmhc,apo,,,F,D,E,,LLFGYPVYV,hla_a_02_01
2av7_A-B-C_pmhc.pdb,2av7,pmhc,apo,,,C,A,B,,LLFGYPVYV,hla_a_02_01
2av7_D-E-F_pmhc.pdb,2av7,pmhc,apo,,,F,D,E,,LLFGYPVYV,hla_a_02_01
2bnq_D-E-C-A-B_tcr_pmhc.pdb,2bnq,tcr_pmhc,holo,D,E,C,A,B,DSAIYN-IQSSQRE-AVRPTSGGSYIPT-MNHEY-SVGAGI-ASSYVGNTGELF,SLLMWITQV,hla_a_02_01
2bnr_D-E-C-A-B_tcr_pmhc.pdb,2bnr,tcr_pmhc,holo,D,E,C,A,B,DSAIYN-IQSSQRE-AVRPTSGGSYIPT-MNHEY-SVGAGI-ASSYVGNTGELF,SLLMWITQC,hla_a_02_01
2bnu_A-B_tcr.pdb,2bnu,tcr,apo,A,B,,,,DSAIYN-IQSSQRE-AVRPTSGGSYIPT-MNHEY-SVGAGI-ASSYVGNTGELF,,
2bss_A-B-C_pmhc.pdb,2bss,pmhc,apo,,,C,A,B,,KRWIILGLNK,hla_b_27_05
2ckb_A-B-P-H-L_tcr_pmhc.pdb,2ckb,tcr_pmhc,holo,A,B,P,H,L,YSATPY-YYSGDPVV-AVSGFASALT-NNHNN-SYGAGS-ASGGGGTLY,,
2ckb_C-D-Q-I-M_tcr_pmhc.pdb,2ckb,tcr_pmhc,holo,C,D,Q,I,M,YSATPY-YYSGDPVV-AVSGFASALT-NNHNN-SYGAGS-ASGGGGTLY,,
2clv_A-B-C_pmhc.pdb,2clv,pmhc,apo,,,C,A,B,,SQYYYNSL,h2_kb
2clv_H-P-M_pmhc.pdb,2clv,pmhc,apo,,,M,H,P,,SQYYYNSL,h2_kb
2clz_A-B-C_pmhc.pdb,2clz,pmhc,apo,,,C,A,B,,INFDFNTI,h2_kb
2clz_H-P-M_pmhc.pdb,2clz,pmhc,apo,,,M,H,P,,INFDFNTI,h2_kb
2f53_D-E-C-A-B_tcr_pmhc.pdb,2f53,tcr_pmhc,holo,D,E,C,A,B,DSAIYN-IPFWQRE-AVRPTSGGSYIPT-MNHEY-SVSVGM-ASSYVGNTGELF,SLLMWITQC,hla_a_02_01
2f54_D-E-C-A-B_tcr_pmhc.pdb,2f54,tcr_pmhc,holo,D,E,C,A,B,DSAIYN-IQSSQRE-AVRPTSGGSYIPT-MNHEY-SVGAGI-ASSYVGNTGELF,,
2f54_K-L-H-F-G_tcr_pmhc.pdb,2f54,tcr_pmhc,holo,K,L,H,F,G,DSAIYN-IQSSQRE-AVRPTSGGSYIPT-MNHEY-SVGAGI-ASSYVGNTGELF,,
2git_A-B-C_pmhc.pdb,2git,pmhc,apo,,,C,A,B,,LLFGKPVYV,hla_a_02_01
2gj6_A-B-C-D-E_tcr_pmhc.pdb,2gj6,tcr_pmhc,holo,,,C,A,B,,LLFGKPVYV,hla_a_02_01
2gt9_A-B-C_pmhc.pdb,2gt9,pmhc,apo,,,C,A,B,,EAAGIGILTV,hla_a_02_01
2gt9_D-E-F_pmhc.pdb,2gt9,pmhc,apo,,,F,D,E,,EAAGIGILTV,hla_a_02_01
2guo_A-B-C_pmhc.pdb,2guo,pmhc,apo,,,C,A,B,,AAGIGILTV,hla_a_02_01
2guo_D-E-F_pmhc.pdb,2guo,pmhc,apo,,,F,D,E,,AAGIGILTV,hla_a_02_01
2mha_A-B-E_pmhc.pdb,2mha,pmhc,apo,,,E,A,B,,RGYVYQGL,h2_kb
2mha_C-D-F_pmhc.pdb,2mha,pmhc,apo,,,F,C,D,,RGYVYQGL,h2_kb
2oi9_B-C-Q-A_tcr_pmhc.pdb,2oi9,tcr_pmhc,holo,B,C,Q,A,,YSATPY-YYSGDPVV-AVSGFASALT-NNHNN-SYGAGS-ASGGGGTLY,,
2ol3_A-B-P-H-L_tcr_pmhc.pdb,2ol3,tcr_pmhc,holo,A,B,P,H,L,TQDSSYF-QDSYKKEN-AMRGDYGGSGNKLI-NSQYPW-LRSPGD-TCSADRVGNTLY,SQYYYNSL,h2_kb
2p5e_D-E-C-A-B_tcr_pmhc.pdb,2p5e,tcr_pmhc,holo,D,E,C,A,B,DSAIYN-ITPWQRE-AVRPLLDGTYIPT-MNHEY-SVAIQT-ASSYLGNTGELF,SLLMWITQC,hla_a_02_01
2p5w_D-E-C-A-B_tcr_pmhc.pdb,2p5w,tcr_pmhc,holo,D,E,C,A,B,DSAIYN-ITPWQRE-AVRPLLDGTYIPT-MNHEY-SVSVGM-ASSYLGNTGELF,SLLMWITQC,hla_a_02_01
2pye_D-E-C-A-B_tcr_pmhc.pdb,2pye,tcr_pmhc,holo,D,E,C,A,B,DSAIYN-IQSSQRE-AVRPLLDGTYIPT-MNHEY-SVGAGT-ASSYLGNTGELF,SLLMWITQC,hla_a_02_01
2pyf_A-B_tcr.pdb,2pyf,tcr,apo,A,B,,,,DSAIYN-IQSSQRE-AVRPLLDGTYIPT-MNHEY-SVGAGT-ASSYLGNTGELF,,
2vaa_A-B-P_pmhc.pdb,2vaa,pmhc,apo,,,P,A,B,,RGYVYQGL,h2_kb
2vlj_D-E-C-A-B_tcr_pmhc.pdb,2vlj,tcr_pmhc,holo,D,E,C,A,B,SVFSS-VVTGGEV-AGAGSQGNLI-LNHDA-SQIVND-ASSSRSSYEQY,GILGFVFTL,hla_a_02_01
2vlk_D-E-C-A-B_tcr_pmhc.pdb,2vlk,tcr_pmhc,holo,D,E,C,A,B,SVFSS-VVTGGEV-AGAGSQGNLI-LNHDA-SQIVND-ASSSRSSYEQY,GILGFVFTL,hla_a_02_01
2vll_A-B-C_pmhc.pdb,2vll,pmhc,apo,,,C,A,B,,GILGFVFTL,hla_a_02_01
2vll_D-E-F_pmhc.pdb,2vll,pmhc,apo,,,F,D,E,,GILGFVFTL,hla_a_02_01
2vlm_D-E_tcr.pdb,2vlm,tcr,apo,D,E,,,,SVFSS-VVTGGEV-AGAGSQGNLI-LNHDA-SQIVND-ASSSRSSYEQY,,
2x4r_A-B-C_pmhc.pdb,2x4r,pmhc,apo,,,C,A,B,,NLVPMVATV,hla_a_02_01
2x4r_D-E-F_pmhc.pdb,2x4r,pmhc,apo,,,F,D,E,,NLVPMVATV,hla_a_02_01
3d39_D-E-C-A-B_tcr_pmhc.pdb,3d39,tcr_pmhc,holo,D,E,C,A,B,DRGSQS-IYSNGD-AVTTDSWGKLQ-MNHEY-SVGAGI-ASRPGLAGGRPEQY,LLFGFPVYV,hla_a_02_01
3d3v_D-E-C-A-B_tcr_pmhc.pdb,3d3v,tcr_pmhc,holo,D,E,C,A,B,DRGSQS-IYSNGD-AVTTDSWGKLQ-MNHEY-SVGAGI-ASRPGLAGGRPEQY,LLFGFPVYV,hla_a_02_01
3dx9_A-B_tcr.pdb,3dx9,tcr,apo,A,B,,,,TISGNEY-GLKNN-IVWGGYQKVT-SEHNR-FQNEAQ-ASRYRDDSYNEQF,,
3dx9_C-D_tcr.pdb,3dx9,tcr,apo,C,D,,,,TISGNEY-GLKNN-IVWGGYQKVT-SEHNR-FQNEAQ-ASRYRDDSYNEQF,,
3dxa_D-E-C-A-B_tcr_pmhc.pdb,3dxa,tcr_pmhc,holo,D,E,C,A,B,TISGNEY-GLKNN-IVWGGYQKVT-SEHNR-FQNEAQ-ASRYRDDSYNEQF,,
3dxa_I-J-H-F-G_tcr_pmhc.pdb,3dxa,tcr_pmhc,holo,I,J,H,F,G,TISGNEY-GLKNN-IVWGGYQKVT-SEHNR-FQNEAQ-ASRYRDDSYNEQF,,
3dxa_N-O-M-K-L_tcr_pmhc.pdb,3dxa,tcr_pmhc,holo,N,O,M,K,L,TISGNEY-GLKNN-IVWGGYQKVT-SEHNR-FQNEAQ-ASRYRDDSYNEQF,,
3ecb_A-B-P_pmhc.pdb,3ecb,pmhc,apo,,,P,A,B,,RGPGRAFVTI,h2_dd
3gsn_A-B-P-H-L_tcr_pmhc.pdb,3gsn,tcr_pmhc,holo,A,B,P,H,L,SSNFYA-MTLNGDE-ARNTGNQFY-MNHEY-SVGAGI-ASSPVTGGIYGYT,NLVPMVATV,hla_a_02_01
3gso_A-B-P_pmhc.pdb,3gso,pmhc,apo,,,P,A,B,,NLVPMVATV,hla_a_02_01
3h7b_A-B-C_pmhc.pdb,3h7b,pmhc,apo,,,C,A,B,,MLWGYLQYV,hla_a_02_01
3h7b_D-E-F_pmhc.pdb,3h7b,pmhc,apo,,,F,D,E,,MLWGYLQYV,hla_a_02_01
3h9h_A-B-C_pmhc.pdb,3h9h,pmhc,apo,,,C,A,B,,MLWGYLQYV,hla_a_02_01
3h9h_D-E-F_pmhc.pdb,3h9h,pmhc,apo,,,F,D,E,,MLWGYLQYV,hla_a_02_01
3h9s_D-E-C-A-B_tcr_pmhc.pdb,3h9s,tcr_pmhc,holo,D,E,C,A,B,DRGSQS-IYSNGD-AVTTDSWGKLQ-MNHEY-SVGAGI-ASRPGLAGGRPEQY,MLWGYLQYV,hla_a_02_01
3hg1_D-E-C-A-B_tcr_pmhc.pdb,3hg1,tcr_pmhc,holo,D,E,C,A,B,DRGSQS-IYSNGD-AVNVAGKST-GTSNPN-SVGIG-AWSETGLGTGELF,ELAGIGILTV,hla_a_02_01
3ixa_A-B-C_pmhc.pdb,3ixa,pmhc,apo,,,C,A,B,,LLFGYPVYV,hla_a_02_01
3ixa_D-E-F_pmhc.pdb,3ixa,pmhc,apo,,,F,D,E,,LLFGYPVYV,hla_a_02_01
3kpp_A-B-C_pmhc.pdb,3kpp,pmhc,apo,,,C,A,B,,EEYLQAFTY,hla_b_44_05
3kpr_D-E-C-A-B_tcr_pmhc.pdb,3kpr,tcr_pmhc,holo,D,E,C,A,B,TISGTDY-GLTSN-ILPLAGGTSYGKLT-SGHVS-FQNEAQ-ASSLGQAYEQY,,
3kpr_I-J-H-F-G_tcr_pmhc.pdb,3kpr,tcr_pmhc,holo,I,J,H,F,G,TISGTDY-GLTSN-ILPLAGGTSYGKLT-SGHVS-FQNEAQ-ASSLGQAYEQY,,
3kps_D-E-C-A-B_tcr_pmhc.pdb,3kps,tcr_pmhc,holo,D,E,C,A,B,TISGTDY-GLTSN-ILPLAGGTSYGKLT-SGHVS-FQNEAQ-ASSLGQAYEQY,EEYLQAFTY,hla_b_44_05
3mre_A-B-P_pmhc.pdb,3mre,pmhc,apo,,,P,A,B,,GLCTLVAML,hla_a_02_01
3mrm_A-B-P_pmhc.pdb,3mrm,pmhc,apo,,,P,A,B,,KLVALGINAV,hla_a_02_01
3nfn_A-B-C_pmhc.pdb,3nfn,pmhc,apo,,,C,A,B,,RYPLTFGWCF,hla_a_24_02
3o4l_D-E-C-A-B_tcr_pmhc.pdb,3o4l,tcr_pmhc,holo,D,E,C,A,B,DSSSTY-IFSNMDM-AEDNNARLM-DFQATT-SNEGSKA-SARDGTGNGYT,GLCTLVAML,hla_a_02_01
3pwl_A-B-C_pmhc.pdb,3pwl,pmhc,apo,,,C,A,B,,LGYGFVNYI,hla_a_02_01
3pwl_D-E-F_pmhc.pdb,3pwl,pmhc,apo,,,F,D,E,,LGYGFVNYI,hla_a_02_01
3pwp_D-E-C-A-B_tcr_pmhc.pdb,3pwp,tcr_pmhc,holo,D,E,C,A,B,DRGSQS-IYSNGD-AVTTDSWGKLQ-MNHEY-SVGAGI-ASRPGLAGGRPEQY,LGYGFVNYI,hla_a_02_01
3qdg_D-E-C-A-B_tcr_pmhc.pdb,3qdg,tcr_pmhc,holo,D,E,C,A,B,DRGSQS-IYSNGD-AVNFGGGKLI-MRHNA-SNTAGT-ASSLSFGTEAF,ELAGIGILTV,hla_a_02_01
3qdj_D-E-C-A-B_tcr_pmhc.pdb,3qdj,tcr_pmhc,holo,D,E,C,A,B,DRGSQS-IYSNGD-AVNFGGGKLI-MRHNA-SNTAGT-ASSLSFGTEAF,AAGIGILTV,hla_a_02_01
3qdm_D-E-C-A-B_tcr_pmhc.pdb,3qdm,tcr_pmhc,holo,D,E,C,A,B,SIFNT-LYKAGEL-AGGTGNQFY-ENHRY-SYGVKD-AISEVGVGQPQH,ELAGIGILTV,hla_a_02_01
3qeq_D-E-C-A-B_tcr_pmhc.pdb,3qeq,tcr_pmhc,holo,D,E,C,A,B,SIFNT-LYKAGEL-AGGTGNQFY-ENHRY-SYGVKD-AISEVGVGQPQH,AAGIGILTV,hla_a_02_01
3qeu_A-B_tcr.pdb,3qeu,tcr,apo,A,B,,,,DRGSQS-IYSNGD-AVNFGGGKLI-MRHNA-SNTAGT-ASSLSFGTEAF,,
3qeu_D-E_tcr.pdb,3qeu,tcr,apo,D,E,,,,DRGSQS-IYSNGD-AVNFGGGKLI-MRHNA-SNTAGT-ASSLSFGTEAF,,
3qfd_A-B-C_pmhc.pdb,3qfd,pmhc,apo,,,C,A,B,,AAGIGILTV,hla_a_02_01
3qfd_D-E-F_pmhc.pdb,3qfd,pmhc,apo,,,F,D,E,,AAGIGILTV,hla_a_02_01
3qfj_D-E-C-A-B_tcr_pmhc.pdb,3qfj,tcr_pmhc,holo,D,E,C,A,B,DRGSQS-IYSNGD-AVTTDSWGKLQ-MNHEY-SVGAGI-ASRPGLAGGRPEQY,LLFGFPVYV,hla_a_02_01
3qh3_A-B_tcr.pdb,3qh3,tcr,apo,A,B,,,,DRGSQS-IYSNGD-AVTTDSWGKLQ-MNHEY-SVGAGI-ASRPGLAGGRPEQY,,
3quk_A-B-C_pmhc.pdb,3quk,pmhc,apo,,,C,A,B,,KAVANFATM,h2_db
3quk_D-E-F_pmhc.pdb,3quk,pmhc,apo,,,F,D,E,,KAVANFATM,h2_db
3sjv_D-E-C-A-B_tcr_pmhc.pdb,3sjv,tcr_pmhc,holo,D,E,C,A,B,NSASQS-VYSSG-VVRAGKLI-MNHEY-SVGEGT-ASGQGNFDIQY,,
3sjv_I-J-H-F-G_tcr_pmhc.pdb,3sjv,tcr_pmhc,holo,I,J,H,F,G,NSASQS-VYSSG-VVRAGKLI-MNHEY-SVGEGT-ASGQGNFDIQY,,
3sjv_N-O-M-K-L_tcr_pmhc.pdb,3sjv,tcr_pmhc,holo,N,O,M,K,L,NSASQS-VYSSG-VVRAGKLI-MNHEY-SVGEGT-ASGQGNFDIQY,,
3sjv_S-T-R-P-Q_tcr_pmhc.pdb,3sjv,tcr_pmhc,holo,S,T,R,P,Q,NSASQS-VYSSG-VVRAGKLI-MNHEY-SVGEGT-ASGQGNFDIQY,,
3skn_A-B_tcr.pdb,3skn,tcr,apo,A,B,,,,NSASQS-VYSSG-VVRAGKLI-MNHEY-SVGEGT-ASGQGNFDIQY,,
3skn_C-D_tcr.pdb,3skn,tcr,apo,C,D,,,,NSASQS-VYSSG-VVRAGKLI-MNHEY-SVGEGT-ASGQGNFDIQY,,
3skn_E-F_tcr.pdb,3skn,tcr,apo,E,F,,,,NSASQS-VYSSG-VVRAGKLI-MNHEY-SVGEGT-ASGQGNFDIQY,,
3skn_G-H_tcr.pdb,3skn,tcr,apo,G,H,,,,NSASQS-VYSSG-VVRAGKLI-MNHEY-SVGEGT-ASGQGNFDIQY,,
3sko_A-B-C_pmhc.pdb,3sko,pmhc,apo,,,C,A,B,,FLRGRAYGL,hla_b_08_01
3tbs_A-B-C_pmhc.pdb,3tbs,pmhc,apo,,,C,A,B,,KAPANFATM,h2_db
3tbs_D-E-F_pmhc.pdb,3tbs,pmhc,apo,,,F,D,E,,KAPANFATM,h2_db
3tby_A-B-C_pmhc.pdb,3tby,pmhc,apo,,,C,A,B,,KAPFNFATM,h2_db
3tby_D-E-F_pmhc.pdb,3tby,pmhc,apo,,,F,D,E,,KAPFNFATM,h2_db
3tby_G-H-I_pmhc.pdb,3tby,pmhc,apo,,,I,G,H,,KAPFNFATM,h2_db
3tby_J-K-L_pmhc.pdb,3tby,pmhc,apo,,,L,J,K,,KAPFNFATM,h2_db
3tf7_c-C-B-A_tcr_pmhc.pdb,3tf7,tcr_pmhc,holo,c,C,B,A,,YSATPY-YYSGDPVV-AVSAKGTGSKLS-NSHNY-SYGAGN-ASSDAPGQLY,,
3tf7_g-G-F-E_tcr_pmhc.pdb,3tf7,tcr_pmhc,holo,g,G,F,E,,YSATPY-YYSGDPVV-AVSAKGTGSKLS-NSHNY-SYGAGN-ASSDAPGQLY,,
3tf7_i-I_tcr.pdb,3tf7,tcr,apo,i,I,,,,YSATPY-YYSGDPVV-AVSAKGTGSKLS-NSHNY-SYGAGN-ASSDAPGQLY,,
3tf7_k-K_tcr.pdb,3tf7,tcr,apo,k,K,,,,YSATPY-YYSGDPVV-AVSAKGTGSKLS-NSHNY-SYGAGN-ASSDAPGQLY,,
3tfk_C-D-B-A_tcr_pmhc.pdb,3tfk,tcr_pmhc,holo,C,D,B,A,,YSATPY-YYSGDPVV-AVSAKGTGSKLS-NSHNY-SYGAGN-ASSDAPGQLY,,
3tjh_C-D-B-A_tcr_pmhc.pdb,3tjh,tcr_pmhc,holo,C,D,B,A,,YSATPY-YYSGDPVV-AVSAKGTGSKLS-NSHNY-SYGAGN-ASSDAPGQLY,,
3tpu_A-B-J-I_tcr_pmhc.pdb,3tpu,tcr_pmhc,holo,A,B,J,I,,YSATPY-YYSGDPVV-AVSAKGTGSKLS-NSHNY-SYGAGN-ASSDAPGQLY,,
3tpu_C-D-F-E_tcr_pmhc.pdb,3tpu,tcr_pmhc,holo,C,D,F,E,,YSATPY-YYSGDPVV-AVSAKGTGSKLS-NSHNY-SYGAGN-ASSDAPGQLY,,
3tpu_G-H-L-K_tcr_pmhc.pdb,3tpu,tcr_pmhc,holo,G,H,L,K,,YSATPY-YYSGDPVV-AVSAKGTGSKLS-NSHNY-SYGAGN-ASSDAPGQLY,,
3tpu_M-N-R-Q_tcr_pmhc.pdb,3tpu,tcr_pmhc,holo,M,N,R,Q,,YSATPY-YYSGDPVV-AVSAKGTGSKLS-NSHNY-SYGAGN-ASSDAPGQLY,,
3utp_D-E_tcr.pdb,3utp,tcr,apo,D,E,,,,NSAFQY-TYSSGN-AMRGDSSYKLI-SGHDY-FNNNVP-ASSLWEKLAKNIQY,,
3utp_K-L_tcr.pdb,3utp,tcr,apo,K,L,,,,NSAFQY-TYSSGN-AMRGDSSYKLI-SGHDY-FNNNVP-ASSLWEKLAKNIQY,,
3uts_D-E-C-A-B_tcr_pmhc.pdb,3uts,tcr_pmhc,holo,D,E,C,A,B,NSAFQY-TYSSGN-AMRGDSSYKLI-SGHDY-FNNNVP-ASSLWEKLAKNIQY,,
3uts_I-J-H-F-G_tcr_pmhc.pdb,3uts,tcr_pmhc,holo,I,J,H,F,G,NSAFQY-TYSSGN-AMRGDSSYKLI-SGHDY-FNNNVP-ASSLWEKLAKNIQY,,
3utt_D-E-C-A-B_tcr_pmhc.pdb,3utt,tcr_pmhc,holo,D,E,C,A,B,NSAFQY-TYSSGN-AMRGDSSYKLI-SGHDY-FNNNVP-ASSLWEKLAKNIQY,,
3utt_I-J-H-F-G_tcr_pmhc.pdb,3utt,tcr_pmhc,holo,I,J,H,F,G,NSAFQY-TYSSGN-AMRGDSSYKLI-SGHDY-FNNNVP-ASSLWEKLAKNIQY,,
3vfm_A-B-C_pmhc.pdb,3vfm,pmhc,apo,,,C,A,B,,LPEPLPQGQLTAY,hla_b_35_08
3vfn_A-B-C_pmhc.pdb,3vfn,pmhc,apo,,,C,A,B,,LPEPLPQGQLTAY,hla_b_35_08
3vfp_A-B-C_pmhc.pdb,3vfp,pmhc,apo,,,C,A,B,,LPEPLPQGQLTAY,hla_b_35_08
3vxm_D-E-C-A-B_tcr_pmhc.pdb,3vxm,tcr_pmhc,holo,D,E,C,A,B,YGATPY-YFSGDTLV-AVGAPSGAGSYQLT-MGHRA-YSYEKL-ASSPTSGIYEQY,RFPLTFGWCF,hla_a_24_02
3vxn_A-B-C_pmhc.pdb,3vxn,pmhc,apo,,,C,A,B,,RYPLTFGWCF,hla_a_24_02
3vxo_A-B-C_pmhc.pdb,3vxo,pmhc,apo,,,C,A,B,,RFPLTFGWCF,hla_a_24_02
3vxo_D-E-F_pmhc.pdb,3vxo,pmhc,apo,,,F,D,E,,RFPLTFGWCF,hla_a_24_02
3vxp_A-B-C_pmhc.pdb,3vxp,pmhc,apo,,,C,A,B,,RYPLTLGWCF,hla_a_24_02
3vxp_D-E-F_pmhc.pdb,3vxp,pmhc,apo,,,F,D,E,,RYPLTLGWCF,hla_a_24_02
3vxq_A-B_tcr.pdb,3vxq,tcr,apo,A,B,,,,DSAIYN-IQSSQRE-AVRMDSSYKLI-SEHNR-FQNEAQ-ASSSWDTGELF,,
3vxq_D-E_tcr.pdb,3vxq,tcr,apo,D,E,,,,DSAIYN-IQSSQRE-AVRMDSSYKLI-SEHNR-FQNEAQ-ASSSWDTGELF,,
3vxr_D-E-C-A-B_tcr_pmhc.pdb,3vxr,tcr_pmhc,holo,D,E,C,A,B,DSAIYN-IQSSQRE-AVRMDSSYKLI-SEHNR-FQNEAQ-ASSSWDTGELF,RYPLTFGWCF,hla_a_24_02
3vxs_D-E-C-A-B_tcr_pmhc.pdb,3vxs,tcr_pmhc,holo,D,E,C,A,B,DSAIYN-IQSSQRE-AVRMDSSYKLI-SEHNR-FQNEAQ-ASSSWDTGELF,RYPLTLGWCF,hla_a_24_02
3vxt_A-B_tcr.pdb,3vxt,tcr,apo,A,B,,,,DRGSQS-IYSNGD-GTYNQGGKLI-MNHEY-SMNVEV-ASSGASHEQY,,
3vxt_C-D_tcr.pdb,3vxt,tcr,apo,C,D,,,,DRGSQS-IYSNGD-GTYNQGGKLI-MNHEY-SMNVEV-ASSGASHEQY,,
3vxu_D-E-C-A-B_tcr_pmhc.pdb,3vxu,tcr_pmhc,holo,D,E,C,A,B,DRGSQS-IYSNGD-GTYNQGGKLI-MNHEY-SMNVEV-ASSGASHEQY,,
3vxu_I-J-H-F-G_tcr_pmhc.pdb,3vxu,tcr_pmhc,holo,I,J,H,F,G,DRGSQS-IYSNGD-GTYNQGGKLI-MNHEY-SMNVEV-ASSGASHEQY,,
3w0w_D-E-C-A-B_tcr_pmhc.pdb,3w0w,tcr_pmhc,holo,D,E,C,A,B,DRGSQS-IYSNGD-GTYNQGGKLI-MNHEY-SMNVEV-ASSGASHEQY,RFPLTFGWCF,hla_a_24_02
3x13_A-B-C_pmhc.pdb,3x13,pmhc,apo,,,C,A,B,,FLRGRAYGL,hla_b_08_01
4ftv_D-E-C-A-B_tcr_pmhc.pdb,4ftv,tcr_pmhc,holo,D,E,C,A,B,DRGSQS-IYSNGD-AVTTDSWGKLQ-MNHEY-SVGAGI-ASRPGLMSAQPEQY,LLFGYPVYV,hla_a_02_01
4g8g_D-E-C-A-B_tcr_pmhc.pdb,4g8g,tcr_pmhc,holo,D,E,C,A,B,TSDQSYG-QGSYDEQN-AMRDLRDNFNKFY-MNHEY-SVGAGI-ASREGLGGTEAF,KRWIILGLNK,hla_b_27_05
4g8i_A-B-C_pmhc.pdb,4g8i,pmhc,apo,,,C,A,B,,KRWIIMGLNK,hla_b_27_05
4g9d_A-B-C_pmhc.pdb,4g9d,pmhc,apo,,,C,A,B,,KRWIILGLNK,hla_b_27_05
4g9f_D-E-C-A-B_tcr_pmhc.pdb,4g9f,tcr_pmhc,holo,D,E,C,A,B,TSDQSYG-QGSYDEQN-AMRDLRDNFNKFY-MNHEY-SVGAGI-ASREGLGGTEAF,KRWIIMGLNK,hla_b_27_05
4hux_A-B-C_pmhc.pdb,4hux,pmhc,apo,,,C,A,B,,ASNENMETM,h2_db
4jfd_D-E-C-A-B_tcr_pmhc.pdb,4jfd,tcr_pmhc,holo,D,E,C,A,B,FLGSQS-TYREGD-AVNDGGRLT-GTSNPN-WGPFG-AWSETGLGMGGWQ,ELAAIGILTV,hla_a_02_01
4jfe_D-E-C-A-B_tcr_pmhc.pdb,4jfe,tcr_pmhc,holo,D,E,C,A,B,FLGSQS-TYREGD-AVNDGGRLT-GTSNPN-WGPFG-AWSETGLGMGGWQ,ELAGIGALTV,hla_a_02_01
4jff_D-E-C-A-B_tcr_pmhc.pdb,4jff,tcr_pmhc,holo,D,E,C,A,B,FLGSQS-TYREGD-AVNDGGRLT-GTSNPN-WGPFG-AWSETGLGMGGWQ,ELAGIGILTV,hla_a_02_01
4jfh_D-E_tcr.pdb,4jfh,tcr,apo,D,E,,,,FLGSQS-TYREGD-AVNDGGRLT-GTSNPN-WGPFG-AWSETGLGMGGWQ,,
4jfp_A-B-C_pmhc.pdb,4jfp,pmhc,apo,,,C,A,B,,ELAAIGILTV,hla_a_02_01
4jfp_D-E-F_pmhc.pdb,4jfp,pmhc,apo,,,F,D,E,,ELAAIGILTV,hla_a_02_01
4jrx_D-E-C-A-B_tcr_pmhc.pdb,4jrx,tcr_pmhc,holo,D,E,C,A,B,TRDTTYY-RNSFDEQN-ALSGFYNTDKLI-MNHNS-SASEGT-ASPGETEAF,LPEPLPQGQLTAY,hla_b_35_08
4jry_D-E-C-A-B_tcr_pmhc.pdb,4jry,tcr_pmhc,holo,D,E,C,A,B,TTSDR-LLSNGAV-AVGGGSNYQLI-SGHDT-YYEEEE-ASSRTGSTYEQY,LPEPLPQGQLTAY,hla_b_35_08
4l3e_D-E-C-A-B_tcr_pmhc.pdb,4l3e,tcr_pmhc,holo,D,E,C,A,B,YRGSQS-IYSNGD-AVNFGGGKLI-MRHNA-SNTAGT-ASSWSFGTEAF,ELAGIGILTV,hla_a_02_01
4ms8_C-D-B-A_tcr_pmhc.pdb,4ms8,tcr_pmhc,holo,C,D,B,A,,YSATPY-YYSGDPVV-AVSAKGTGSKLS-NSHNY-SYGAGN-ASSDAPGQLY,,
4mvb_C-D-B-A_tcr_pmhc.pdb,4mvb,tcr_pmhc,holo,C,D,B,A,,YSATPY-YYSGDPVV-AVSAKGTGSKLS-NSHNY-SYGAGN-ASSDAPGQLY,,
4mxq_C-D-B-A_tcr_pmhc.pdb,4mxq,tcr_pmhc,holo,C,D,B,A,,YSATPY-YYSGDPVV-AVSAKGTGSKLS-NSHNY-SYGAGN-ASSDAPGQLY,,
4n0c_C-D-B-A_tcr_pmhc.pdb,4n0c,tcr_pmhc,holo,C,D,B,A,,YSATPY-YYSGDPVV-AVSAKGTGSKLS-NSHNY-SYGAGN-ASSDAPGQLY,,
4n0c_G-H-F-E_tcr_pmhc.pdb,4n0c,tcr_pmhc,holo,G,H,F,E,,YSATPY-YYSGDPVV-AVSAKGTGSKLS-NSHNY-SYGAGN-ASSDAPGQLY,,
4n5e_C-D-B-A_tcr_pmhc.pdb,4n5e,tcr_pmhc,holo,C,D,B,A,,YSATPY-YYSGDPVV-AVSAKGTGSKLS-NSHNY-SYGAGN-ASSDAPGQLY,,
4pr5_A-B-C_pmhc.pdb,4pr5,pmhc,apo,,,C,A,B,,HPVGDADYFEY,hla_b_35_01
4pra_A-B-C_pmhc.pdb,4pra,pmhc,apo,,,C,A,B,,HPVGQADYFEY,hla_b_35_01
4prh_D-E-C-A_tcr_pmhc.pdb,4prh,tcr_pmhc,holo,D,E,C,A,B,VSGLRG-LYSAGEE-AVQDLGTSGSRLT-SGDLS-YYNGEE-ASSARSGELF,HPVGDADYFEY,hla_b_35_01
4prp_D-E-C-A-B_tcr_pmhc.pdb,4prp,tcr_pmhc,holo,D,E,C,A,B,VSGLRG-LYSAGEE-AVQDLGTSGSRLT-SGDLS-YYNGEE-ASSARSGELF,HPVGQADYFEY,hla_b_35_01
4qok_D-E-C-A-B_tcr_pmhc.pdb,4qok,tcr_pmhc,holo,D,E,C,A,B,DRGSQS-IYSNGD-AVNVAGKST-GTSNPN-SVGIG-AWSETGLGTGELF,EAAGIGILTV,hla_a_02_01
4qrp_D-E-C-A-B_tcr_pmhc.pdb,4qrp,tcr_pmhc,holo,D,E,C,A,B,ATGYPS-ATKADDK-ALSDPVNDMR-SGHAT-FQNNGV-ASSLRGRGDQPQH,,
4qrp_J-I-H-F-G_tcr_pmhc.pdb,4qrp,tcr_pmhc,holo,J,I,H,F,G,ATGYPS-ATKADDK-ALSDPVNDMR-SGHAT-FQNNGV-ASSLRGRGDQPQH,,
4qrp_K-L_tcr.pdb,4qrp,tcr,apo,K,L,,,,ATGYPS-ATKADDK-ALSDPVNDMR-SGHAT-FQNNGV-ASSLRGRGDQPQH,,
4u1i_A-B-C_pmhc.pdb,4u1i,pmhc,apo,,,C,A,B,,TPQDLNTML,hla_b_81_01
4u1j_A-B-C_pmhc.pdb,4u1j,pmhc,apo,,,C,A,B,,TPQDLNTML,hla_b_42_01
4wu5_A-B-C_pmhc.pdb,4wu5,pmhc,apo,,,C,A,B,,RYPLTFGW,hla_a_24_02
4wu5_D-E-F_pmhc.pdb,4wu5,pmhc,apo,,,F,D,E,,RYPLTFGW,hla_a_24_02
4wu7_A-B-C_pmhc.pdb,4wu7,pmhc,apo,,,C,A,B,,RFPLTFGW,hla_a_24_02
4wu7_D-E-F_pmhc.pdb,4wu7,pmhc,apo,,,F,D,E,,RFPLTFGW,hla_a_24_02
5c07_D-E-C-A-B_tcr_pmhc.pdb,5c07,tcr_pmhc,holo,D,E,C,A,B,NSAFQY-TYSSGN-AMRGDSSYKLI-SGHDY-FNNNVP-ASSLWEKLAKNIQY,,
5c07_I-J-H-F-G_tcr_pmhc.pdb,5c07,tcr_pmhc,holo,I,J,H,F,G,NSAFQY-TYSSGN-AMRGDSSYKLI-SGHDY-FNNNVP-ASSLWEKLAKNIQY,,
5c08_D-E-C-A-B_tcr_pmhc.pdb,5c08,tcr_pmhc,holo,D,E,C,A,B,NSAFQY-TYSSGN-AMRGDSSYKLI-SGHDY-FNNNVP-ASSLWEKLAKNIQY,,
5c08_I-J-H-F-G_tcr_pmhc.pdb,5c08,tcr_pmhc,holo,I,J,H,F,G,NSAFQY-TYSSGN-AMRGDSSYKLI-SGHDY-FNNNVP-ASSLWEKLAKNIQY,,
5c09_D-E-C-A-B_tcr_pmhc.pdb,5c09,tcr_pmhc,holo,D,E,C,A,B,NSAFQY-TYSSGN-AMRGDSSYKLI-SGHDY-FNNNVP-ASSLWEKLAKNIQY,,
5c09_I-J-H-F-G_tcr_pmhc.pdb,5c09,tcr_pmhc,holo,I,J,H,F,G,NSAFQY-TYSSGN-AMRGDSSYKLI-SGHDY-FNNNVP-ASSLWEKLAKNIQY,,
5c0a_D-E-C-A-B_tcr_pmhc.pdb,5c0a,tcr_pmhc,holo,D,E,C,A,B,NSAFQY-TYSSGN-AMRGDSSYKLI-SGHDY-FNNNVP-ASSLWEKLAKNIQY,,
5c0a_I-J-H-F-G_tcr_pmhc.pdb,5c0a,tcr_pmhc,holo,I,J,H,F,G,NSAFQY-TYSSGN-AMRGDSSYKLI-SGHDY-FNNNVP-ASSLWEKLAKNIQY,,
5c0b_D-E-C-A-B_tcr_pmhc.pdb,5c0b,tcr_pmhc,holo,D,E,C,A,B,NSAFQY-TYSSGN-AMRGDSSYKLI-SGHDY-FNNNVP-ASSLWEKLAKNIQY,,
5c0b_I-J-H-F-G_tcr_pmhc.pdb,5c0b,tcr_pmhc,holo,I,J,H,F,G,NSAFQY-TYSSGN-AMRGDSSYKLI-SGHDY-FNNNVP-ASSLWEKLAKNIQY,,
5c0c_D-E-H-F-G_tcr_pmhc.pdb,5c0c,tcr_pmhc,holo,D,E,H,F,G,NSAFQY-TYSSGN-AMRGDSSYKLI-SGHDY-FNNNVP-ASSLWEKLAKNIQY,,
5c0c_I-J-C-A-B_tcr_pmhc.pdb,5c0c,tcr_pmhc,holo,I,J,C,A,B,NSAFQY-TYSSGN-AMRGDSSYKLI-SGHDY-FNNNVP-ASSLWEKLAKNIQY,,
5hga_A-B-C_pmhc.pdb,5hga,pmhc,apo,,,C,A,B,,RFPLTFGW,hla_a_24_02
5hga_D-E-F_pmhc.pdb,5hga,pmhc,apo,,,F,D,E,,RFPLTFGW,hla_a_24_02
5hgb_A-B-C_pmhc.pdb,5hgb,pmhc,apo,,,C,A,B,,RYPLTFGW,hla_a_24_02
5hgb_D-E-F_pmhc.pdb,5hgb,pmhc,apo,,,F,D,E,,RYPLTFGW,hla_a_24_02
5hgb_G-H-I_pmhc.pdb,5hgb,pmhc,apo,,,I,G,H,,RYPLTFGW,hla_a_24_02
5hgb_J-K-L_pmhc.pdb,5hgb,pmhc,apo,,,L,J,K,,RYPLTFGW,hla_a_24_02
5hgd_A-B-C_pmhc.pdb,5hgd,pmhc,apo,,,C,A,B,,RFPLTFGWCF,hla_a_24_02
5hgd_D-E-F_pmhc.pdb,5hgd,pmhc,apo,,,F,D,E,,RFPLTFGWCF,hla_a_24_02
5hgh_A-B-C_pmhc.pdb,5hgh,pmhc,apo,,,C,A,B,,RYPLTFGWCF,hla_a_24_02
5hhm_D-E-C-A-B_tcr_pmhc.pdb,5hhm,tcr_pmhc,holo,D,E,C,A,B,SVFSS-VVTGGEV-AGAGSQGNLI-LNHDA-SQIVND-ASSSRSSYEQY,,
5hhm_I-J-H-F-G_tcr_pmhc.pdb,5hhm,tcr_pmhc,holo,I,J,H,F,G,SVFSS-VVTGGEV-AGAGSQGNLI-LNHDA-SQIVND-ASSSRSSYEQY,,
5hho_D-E-C-A-B_tcr_pmhc.pdb,5hho,tcr_pmhc,holo,D,E,C,A,B,SVFSS-VVTGGEV-AGAGSQGNLI-LNHDA-SQIVND-ASSIRSSYEQY,GILEFVFTL,hla_a_02_01
5hhp_A-B-C_pmhc.pdb,5hhp,pmhc,apo,,,C,A,B,,GILEFVFTL,hla_a_02_01
5hyj_D-E-C-A-B_tcr_pmhc.pdb,5hyj,tcr_pmhc,holo,D,E,C,A,B,NSAFQY-TYSSGN-AMRGDSSYKLI-SGHDY-FNNNVP-ASSLWEKLAKNIQY,,
5hyj_I-J-H-F-G_tcr_pmhc.pdb,5hyj,tcr_pmhc,holo,I,J,H,F,G,NSAFQY-TYSSGN-AMRGDSSYKLI-SGHDY-FNNNVP-ASSLWEKLAKNIQY,,
5isz_D-E-C-A-B_tcr_pmhc.pdb,5isz,tcr_pmhc,holo,D,E,C,A,B,SSNFYA-MTLNGDE-AFDTNAGKST-LNHDA-SQIVND-ASSIFGQREQY,GILGFVFTL,hla_a_02_01
5ivx_E-F-P-A-B_tcr_pmhc.pdb,5ivx,tcr_pmhc,holo,E,F,P,A,B,NSAFDY-ILSVSNK-AASASFGDNSKLI-MSHET-SYDVDS-ASSLGHTEVF,RGPGRAFVTI,h2_dd
5iw1_A-B_tcr.pdb,5iw1,tcr,apo,A,B,,,,NSAFDY-ILSVSNK-AASASFGDNSKLI-MSHET-SYDVDS-ASSLGHTEVF,,
5iw1_C-D_tcr.pdb,5iw1,tcr,apo,C,D,,,,NSAFDY-ILSVSNK-AASASFGDNSKLI-MSHET-SYDVDS-ASSLGHTEVF,,
5iw1_E-F_tcr.pdb,5iw1,tcr,apo,E,F,,,,NSAFDY-ILSVSNK-AASASFGDNSKLI-MSHET-SYDVDS-ASSLGHTEVF,,
5m00_G-H-P-A-B_tcr_pmhc.pdb,5m00,tcr_pmhc,holo,G,H,P,A,B,DSTFNY-ILSVSDK-AALYGNEKIT-NNHDY-SYVADS-ASSDAGGRNTLY,KAVANFATM,h2_db
5m01_G-H-P-A-B_tcr_pmhc.pdb,5m01,tcr_pmhc,holo,G,H,P,A,B,DSTFNY-ILSVSDK-AALYGNEKIT-NNHDY-SYVADS-ASSDAGGRNTLY,KAPANFATM,h2_db
5m02_G-H-P-A-B_tcr_pmhc.pdb,5m02,tcr_pmhc,holo,G,H,P,A,B,DSTFNY-ILSVSDK-AALYGNEKIT-NNHDY-SYVADS-ASSDAGGRNTLY,KAPFNFATM,h2_db
5nht_A-B-P-H-L_tcr_pmhc.pdb,5nht,tcr_pmhc,holo,A,B,P,H,L,DRGSQS-IYSNGD-AVGGGADGLT-LNHDA-SQIVND-ASSQGLAGAGELF,ELAGIGILTV,hla_a_02_01
5nmd_A-B_tcr.pdb,5nmd,tcr,apo,A,B,,,,DRGSQS-IYSNGD-AVRTNSGYALN-QGHDT-YYEEEE-ASSDTVSYEQY,,
5nmd_C-D_tcr.pdb,5nmd,tcr,apo,C,D,,,,DRGSQS-IYSNGD-AVRTNSGYALN-QGHDT-YYEEEE-ASSDTVSYEQY,,
5nme_D-E-C-A-B_tcr_pmhc.pdb,5nme,tcr_pmhc,holo,D,E,C,A,B,DRGSQS-IYSNGD-AVRTNSGYALN-QGHDT-YYEEEE-ASSDTVSYEQY,,
5nme_I-J-H-F-G_tcr_pmhc.pdb,5nme,tcr_pmhc,holo,I,J,H,F,G,DRGSQS-IYSNGD-AVRTNSGYALN-QGHDT-YYEEEE-ASSDTVSYEQY,,
5nmf_D-E-C-A-B_tcr_pmhc.pdb,5nmf,tcr_pmhc,holo,D,E,C,A,B,DRGSQS-IYSNGD-AVRTNSGYALN-QGHDT-YYEEEE-ASSDTVSYEQY,,
5nmf_I-J-H-F-G_tcr_pmhc.pdb,5nmf,tcr_pmhc,holo,I,J,H,F,G,DRGSQS-IYSNGD-AVRTNSGYALN-QGHDT-YYEEEE-ASSDTVSYEQY,,
5nmg_D-E-C-A-B_tcr_pmhc.pdb,5nmg,tcr_pmhc,holo,D,E,C,A,B,DRGSQS-IYSNGD-AVRTNSGYALN-QGHDT-YYEEEE-ASSDTVSYEQY,,
5nmg_I-J-H-F-G_tcr_pmhc.pdb,5nmg,tcr_pmhc,holo,I,J,H,F,G,DRGSQS-IYSNGD-AVRTNSGYALN-QGHDT-YYEEEE-ASSDTVSYEQY,,
5nqk_A-B-P-H-L_tcr_pmhc.pdb,5nqk,tcr_pmhc,holo,A,B,P,H,L,DRGSQS-IYSNGD-AGGGGADGLT-LNHDA-SQIVND-ASSQGLAGAGELF,ELAGIGILTV,hla_a_02_01
5sws_D-E-C-A-B_tcr_pmhc.pdb,5sws,tcr_pmhc,holo,D,E,C,A,B,DSTFNY-IRSVSDK-AASEGSGSWQLI-MNHDT-YYDKIL-ASSAGLDAEQY,ASNENMETM,h2_db
5xos_A-B-C_pmhc.pdb,5xos,pmhc,apo,,,C,A,B,,IPLTEEAEL,hla_b_35_01
5xot_D-E-C-A-B_tcr_pmhc.pdb,5xot,tcr_pmhc,holo,D,E,C,A,B,TSWWSYY-QGSDEQN-ALGEGGAQKLV-MNHNS-SASEGT-ASRTRGGTLIEQY,IPLTEEAEL,hla_b_35_01
5yxn_A-B-I-C-D_tcr_pmhc.pdb,5yxn,tcr_pmhc,holo,A,B,I,C,D,TSESDYY-QEAYKQQN-AYGEDDKII-MGHDK-SYGVNS-ASRRGPYEQY,KLVALGINAV,hla_a_02_01
5yxu_A-B-I-C-D_tcr_pmhc.pdb,5yxu,tcr_pmhc,holo,A,B,I,C,D,TSENDYI-QEAYKQQN-AYGEDDKII-MGHDK-SYGVNS-ASRRGSAELY,,
5yxu_F-G_tcr.pdb,5yxu,tcr,apo,F,G,,,,TSENDYI-QEAYKQQN-AYGEDDKII-MGHDK-SYGVNS-ASRRGSAELY,,
6am5_D-E-C-A-B_tcr_pmhc.pdb,6am5,tcr_pmhc,holo,D,E,C,A,B,DRGSQS-IYSNGD-AVNFGGGKLI-MRHNA-SNTAGT-ASSLSFGTEAF,SMLGIGIVPV,hla_a_02_01
6amt_A-B-C_pmhc.pdb,6amt,pmhc,apo,,,C,A,B,,MMWDRGLGMM,hla_a_02_01
6amt_D-E-F_pmhc.pdb,6amt,pmhc,apo,,,F,D,E,,MMWDRGLGMM,hla_a_02_01
6amu_D-E-C-A-B_tcr_pmhc.pdb,6amu,tcr_pmhc,holo,D,E,C,A,B,DRGSQS-IYSNGD-AVNFGGGKLI-MRHNA-SNTAGT-ASSLSFGTEAF,MMWDRGLGMM,hla_a_02_01
6at5_A-B-C_pmhc.pdb,6at5,pmhc,apo,,,C,A,B,,APRGPHGGAASGL,hla_b_07_02
6at6_A-B_tcr.pdb,6at6,tcr,apo,A,B,,,,NIATNDY-GYKTK-LVGEILDNFNKFY-MDHEN-SYDVKM-ASSQRQEGDTQY,,
6avf_A-B-P-H-M_tcr_pmhc.pdb,6avf,tcr_pmhc,holo,A,B,P,H,M,NIATNDY-GYKTK-LVGEILDNFNKFY-MDHEN-SYDVKM-ASSQRQEGDTQY,APRGPHGGAASGL,hla_b_07_02
6bj2_D-E-C-A-B_tcr_pmhc.pdb,6bj2,tcr_pmhc,holo,D,E,C,A,B,TRDTTYY-RNSFDEQN-ALSHNSGGSNYKLT-SGHNT-YYREEE-ASSFRGGKTQY,IPLTEEAEL,hla_b_35_01
6bj3_D-H-C-A-B_tcr_pmhc.pdb,6bj3,tcr_pmhc,holo,D,H,C,A,B,TSWWSYY-QGSDEQN-ALGEGGAQKLV-MNHNS-SASEGT-ASRTRGGTLIEQY,IPLTEEAEL,hla_b_35_01
6d78_D-E-C-A-B_tcr_pmhc.pdb,6d78,tcr_pmhc,holo,D,E,C,A,B,YRGSQS-IYSNGD-AVNFGGGKLI-MRHNA-SNTAGT-ASSWSFGTEAF,AAGIGILTV,hla_a_02_01
6dkp_D-E-C-A-B_tcr_pmhc.pdb,6dkp,tcr_pmhc,holo,D,E,C,A,B,YRGSQS-IASNGD-AVNFGGGKLI-MRHNA-SNTAGT-ASSWSFGTEAF,ELAGIGILTV,hla_a_02_01
6eqa_D-E-C-A-B_tcr_pmhc.pdb,6eqa,tcr_pmhc,holo,D,E,C,A,B,DRGSQS-IYSNGD-AVNVAGKST-GTSNPN-SVGIG-AWSETGLGTGELF,AAGIGILTV,hla_a_02_01
6eqb_D-E-C-A-B_tcr_pmhc.pdb,6eqb,tcr_pmhc,holo,D,E,C,A,B,FLGSQS-TYREGD-AVNDGGRLT-GTSNPN-WGPFG-AWSETGLGMGGWQ,AAGIGILTV,hla_a_02_01
6g9q_G-H-P-A-B_tcr_pmhc.pdb,6g9q,tcr_pmhc,holo,G,H,P,A,B,DSTFNY-ILSVSDK-AALYGNEKIT-NNHDY-SYVADS-ASSDAGGRNTLY,KAPYDYAPI,h2_db
6g9r_A-B-P_pmhc.pdb,6g9r,pmhc,apo,,,P,A,B,,KAPYDYAPI,h2_db
6g9r_C-D-I_pmhc.pdb,6g9r,pmhc,apo,,,I,C,D,,KAPYDYAPI,h2_db
6g9r_E-F-J_pmhc.pdb,6g9r,pmhc,apo,,,J,E,F,,KAPYDYAPI,h2_db
6g9r_G-H-K_pmhc.pdb,6g9r,pmhc,apo,,,K,G,H,,KAPYDYAPI,h2_db
6gh1_A-B-P_pmhc.pdb,6gh1,pmhc,apo,,,P,A,B,,RLPAKAPLL,hla_e_01_03
6gh1_C-D-Q_pmhc.pdb,6gh1,pmhc,apo,,,Q,C,D,,RLPAKAPLL,hla_e_01_03
6gh1_E-F-R_pmhc.pdb,6gh1,pmhc,apo,,,R,E,F,,RLPAKAPLL,hla_e_01_03
6gh1_G-H-Z_pmhc.pdb,6gh1,pmhc,apo,,,Z,G,H,,RLPAKAPLL,hla_e_01_03
6jtp_A-B-C_pmhc.pdb,6jtp,pmhc,apo,,,C,A,B,,GADGVGKSA,hla_c_08_02
6mt6_A-B-C_pmhc.pdb,6mt6,pmhc,apo,,,B,A,C,,FEDLRVLSF,hla_b_37_01
6mtm_D-E-C-A-B_tcr_pmhc.pdb,6mtm,tcr_pmhc,holo,D,E,C,A,B,KALYS-LLKGGEQ-GTERSGGYQKVT-LNHDA-SQIVND-ASSMSAMGTEAF,FEDLRVLSF,hla_b_37_01
6npr_A-B-R_pmhc.pdb,6npr,pmhc,apo,,,R,A,B,,RGPGRAFVTI,h2_dd
6npr_C-D-P_pmhc.pdb,6npr,pmhc,apo,,,P,C,D,,RGPGRAFVTI,h2_dd
6q3k_A-B-P_pmhc.pdb,6q3k,pmhc,apo,,,P,A,B,,NLVPMVATV,hla_a_02_01
6q3s_D-E-C-A-B_tcr_pmhc.pdb,6q3s,tcr_pmhc,holo,D,E,C,A,B,DSAIYN-IQSSQRE-AVRPTSGGSYIPT-MNHEY-SVGAGI-ASSYVGNTGELF,SLLMWITQV,hla_a_02_01
6rp9_D-E-C-A-B_tcr_pmhc.pdb,6rp9,tcr_pmhc,holo,D,E,C,A,B,DRGSQS-IYSNGD-ALTRGPGNQFY-SGHVS-FNYEAQ-ASSSPGGVSTEAF,,
6rp9_I-J-H-F-G_tcr_pmhc.pdb,6rp9,tcr_pmhc,holo,I,J,H,F,G,DRGSQS-IYSNGD-ALTRGPGNQFY-SGHVS-FNYEAQ-ASSSPGGVSTEAF,,
6rp9_K-L_tcr.pdb,6rp9,tcr,apo,K,L,,,,DRGSQS-IYSNGD-ALTRGPGNQFY-SGHVS-FNYEAQ-ASSSPGGVSTEAF,,
6tmo_D-E-C-A-B_tcr_pmhc.pdb,6tmo,tcr_pmhc,holo,D,E,C,A,B,FLGSQS-TYREGD-AVNDGGRLT-GTSNPN-WGPFG-AWSETGLGMGGWQ,EAAGIGILTV,hla_a_02_01
6tro_D-E-C-A-B_tcr_pmhc.pdb,6tro,tcr_pmhc,holo,D,E,C,A,B,VSPFSN-MTFSENT-VVNHSGGSYIPT-MDHEN-SYDVKM-ASSFLMTSGDPYEQY,GVYDGREHTV,hla_a_02_01
6ujo_A-B-C_pmhc.pdb,6ujo,pmhc,apo,,,C,A,B,,KQWLVWLFL,hla_a_02_06
6ujq_A-B-C_pmhc.pdb,6ujq,pmhc,apo,,,C,A,B,,KQWLVWLLL,hla_a_02_06
6uk2_A-B-C_tcr_pmhc.pdb,6uk2,tcr_pmhc,holo,,,C,A,B,,KQWLVWLLL,hla_a_02_06
6uk4_A-B-C_tcr_pmhc.pdb,6uk4,tcr_pmhc,holo,,,C,A,B,,KQWLVWLFL,hla_a_02_06
6uli_A-B-C_pmhc.pdb,6uli,pmhc,apo,,,C,A,B,,GADGVGKSA,hla_c_08_02
6uln_A-B-C-D_2-E_2_tcr_pmhc.pdb,6uln,tcr_pmhc,holo,,,C,A,B,,GADGVGKSA,hla_c_08_02
6ulr_A-B-C-D_2-E_2_tcr_pmhc.pdb,6ulr,tcr_pmhc,holo,,,C,A,B,,GADGVGKSA,hla_c_08_02
6vm7_A-B-C-D_2-E_2_tcr_pmhc.pdb,6vm7,tcr_pmhc,holo,,,C,A,B,,ITDQVPFSV,hla_a_02_01
6vm8_A-B-C-E_2-D_2_tcr_pmhc.pdb,6vm8,tcr_pmhc,holo,,,C,A,B,,IMDQVPFSV,hla_a_02_01
6vm9_A-B-C-D_2-E_2_tcr_pmhc.pdb,6vm9,tcr_pmhc,holo,,,C,A,B,,IMDQVPFSV,hla_a_02_01
6vma_A-B-C-D_2-E_2_tcr_pmhc.pdb,6vma,tcr_pmhc,holo,,,C,A,B,,ITDQVPFSV,hla_a_02_01
6vr5_A-B-P_pmhc.pdb,6vr5,pmhc,apo,,,P,A,B,,HMTEVVRHC,hla_a_02_01
6vr5_D-E-Q_pmhc.pdb,6vr5,pmhc,apo,,,Q,D,E,,HMTEVVRHC,hla_a_02_01
6vrm_D-E-P-A-B_tcr_pmhc.pdb,6vrm,tcr_pmhc,holo,D,E,P,A,B,NSASQS-VYSSG-VVQPGGYQKVT-MNHNS-SASEGT-ASSEGLWQVGDEQY,HMTEVVRHC,hla_a_02_01
6vrn_D-E-P-A-B_tcr_pmhc.pdb,6vrn,tcr_pmhc,holo,D,E,P,A,B,TSENNYY-QEAYK-AFMGYSGAGSYQLT-ENHRY-SYGVKD-AISELVTGDSPLH,HMTEVVRHC,hla_a_02_01
6vth_A-B_tcr.pdb,6vth,tcr,apo,A,B,,,,NSASQS-VYSSG-VVQPGGYQKVT-MNHNS-SASEGT-ASSEGLWQVGDEQY,,
6vth_D-E_tcr.pdb,6vth,tcr,apo,D,E,,,,NSASQS-VYSSG-VVQPGGYQKVT-MNHNS-SASEGT-ASSEGLWQVGDEQY,,
6zkw_D-E-C-A-B_tcr_pmhc.pdb,6zkw,tcr_pmhc,holo,D,E,C,A,B,DSAIYN-IQSSQRE-AVTNQAGTALI-MNHEY-SVGAGI-ASSYSIRGSRGEQF,RLPAKAPLL,hla_e_01_03
7amp_A-B_tcr.pdb,7amp,tcr,apo,A,B,,,,DRGSQS-IYSNGD-AVTTDSWGKLQ-MNHEY-SVGAGI-ASRPGLAGGRPEQY,,
7dzm_E-D-C-A-B_tcr_pmhc.pdb,7dzm,tcr_pmhc,holo,E,D,C,A,B,TISGNEY-GLKNN-IVRGLNNAGNMLT-SGHNS-FNNNVP-ASSLGIDAIY,TPQDLNTML,hla_b_81_01
7dzn_E-D-C-A-B_tcr_pmhc.pdb,7dzn,tcr_pmhc,holo,E,D,C,A,B,TISGNEY-GLKNN-IVRGLNNAGNMLT-SGHNS-FNNNVP-ASSLGIDAIY,TPQDLNTML,hla_b_42_01
7jwi_D-E-C-A-B_tcr_pmhc.pdb,7jwi,tcr_pmhc,holo,D,E,C,A,B,DSTFNY-IRSVSDK-AASETSGSWQLI-MNHDT-YYDKIL-ASSRDLGRDTQY,ASNENMETM,h2_db
7jwj_D-E-C-A-B_tcr_pmhc.pdb,7jwj,tcr_pmhc,holo,D,E,C,A,B,TTMRS-LASGT-AAVTGNTGKLI-MNHDT-YYDKIL-ASSRGTIHSNTEVF,ASNENMETM,h2_db
7l1c_A-B-C_pmhc.pdb,7l1c,pmhc,apo,,,C,A,B,,ALHGGWTTK,hla_a_03_01
7mkb_A-B-C_pmhc.pdb,7mkb,pmhc,apo,,,C,A,B,,YLQPRTFLL,hla_a_02_01
7n1a_A-B-C_pmhc.pdb,7n1a,pmhc,apo,,,C,A,B,,YLQPRTFLL,hla_a_02_01
7n1a_D-E-F_pmhc.pdb,7n1a,pmhc,apo,,,F,D,E,,YLQPRTFLL,hla_a_02_01
7n1b_A-B-C_pmhc.pdb,7n1b,pmhc,apo,,,C,A,B,,RLQSLQTYV,hla_a_02_01
7n1b_D-E-F_pmhc.pdb,7n1b,pmhc,apo,,,F,D,E,,RLQSLQTYV,hla_a_02_01
7n1c_D-E_tcr.pdb,7n1c,tcr,apo,D,E,,,,YSGSPE-HISR-ALSGFNNAGNMLT-SGHAT-FQNNGV-ASSLGGAGGADTQY,,
7n1d_A-B_tcr.pdb,7n1d,tcr,apo,A,B,,,,DRGSQS-IYSNGD-AVNRDDKII-SEHNR-FQNEAQ-ASSPDIEQY,,
7n1e_D-E-C-A-B_tcr_pmhc.pdb,7n1e,tcr_pmhc,holo,D,E,C,A,B,YSGSPE-HISR-ALSGFNNAGNMLT-SGHAT-FQNNGV-ASSLGGAGGADTQY,RLQSLQTYV,hla_a_02_01
7n1f_D-E-C-A-B_tcr_pmhc.pdb,7n1f,tcr_pmhc,holo,D,E,C,A,B,DRGSQS-IYSNGD-AVNRDDKII-SEHNR-FQNEAQ-ASSPDIEQY,YLQPRTFLL,hla_a_02_01
7n4k_A-B-C-D-E_tcr_pmhc.pdb,7n4k,tcr_pmhc,holo,,,C,A,B,,SSLENFRAYV,h2_db
7n5c_D-E-C-A-B_tcr_pmhc.pdb,7n5c,tcr_pmhc,holo,D,E,C,A,B,TISGNEY-GLQQN-ILSGGCNYKLT-MSHET-SYDVDS-ASSFGREQY,SSLCNFRAYV,h2_db
7n5p_D-E-C-A-B_tcr_pmhc.pdb,7n5p,tcr_pmhc,holo,D,E,C,A,B,TISGNEY-GLQQN-ILSGGSNYKLT-MSHET-SYDVDS-ASSFGREQY,SSLCNFRAYV,h2_db
7n5q_A-B-C_pmhc.pdb,7n5q,pmhc,apo,,,C,A,B,,SSLCNFRAYV,h2_db
7n5q_F-G-H_pmhc.pdb,7n5q,pmhc,apo,,,H,F,G,,SSLCNFRAYV,h2_db
7n6d_A-B-C_pmhc.pdb,7n6d,pmhc,apo,,,C,A,B,,YLQPRTFLL,hla_a_02_01
7n6d_E-F-G_pmhc.pdb,7n6d,pmhc,apo,,,G,E,F,,YLQPRTFLL,hla_a_02_01
7n6d_I-J-K_pmhc.pdb,7n6d,pmhc,apo,,,K,I,J,,YLQPRTFLL,hla_a_02_01
7n6d_M-N-O_pmhc.pdb,7n6d,pmhc,apo,,,O,M,N,,YLQPRTFLL,hla_a_02_01
7n9j_A-C-B_pmhc.pdb,7n9j,pmhc,apo,,,C,A,B,,YGFRNVVHI,h2_db
7na5_D-E-C-A-B_tcr_pmhc.pdb,7na5,tcr_pmhc,holo,D,E,C,A,B,DRNSQY-IFSNGD-AVSNYNVLY-LGHNA-YSYQKL-ASSQEPGGYAEQF,YGFRNVVHI,h2_db
7nmd_A-B-C_pmhc.pdb,7nmd,pmhc,apo,,,C,A,B,,QLPRLFPLL,hla_a_24_02
7nmd_D-E-F_pmhc.pdb,7nmd,pmhc,apo,,,F,D,E,,QLPRLFPLL,hla_a_24_02
7nme_D-E-C-A-B_tcr_pmhc.pdb,7nme,tcr_pmhc,holo,D,E,C,A,B,DSSSTY-IFSNMDM-AEPSGNTGKLI-SEHNR-FQNEAQ-ASSLHHEQY,QLPRLFPLL,hla_a_24_02
7nmf_D-E-C-A-B_tcr_pmhc.pdb,7nmf,tcr_pmhc,holo,D,E,C,A,B,DSSSTY-IFSNMDM-AEPSGNTGKLI-SEHNR-FQNEAQ-ASSLHHEQY,QLPRLFPLL,hla_a_24_02
7ow3_A-B-C_pmhc.pdb,7ow3,pmhc,apo,,,C,A,B,,VVVGAGGVGK,hla_a_11_01
7ow3_D-E-F_pmhc.pdb,7ow3,pmhc,apo,,,F,D,E,,VVVGAGGVGK,hla_a_11_01
7ow3_J-K-L_pmhc.pdb,7ow3,pmhc,apo,,,L,J,K,,VVVGAGGVGK,hla_a_11_01
7ow4_A-B-C_pmhc.pdb,7ow4,pmhc,apo,,,C,A,B,,VVVGADGVGK,hla_a_11_01
7ow4_D-E-F_pmhc.pdb,7ow4,pmhc,apo,,,F,D,E,,VVVGADGVGK,hla_a_11_01
7ow4_G-H-I_pmhc.pdb,7ow4,pmhc,apo,,,I,G,H,,VVVGADGVGK,hla_a_11_01
7ow5_D-E-C-A-B_tcr_pmhc.pdb,7ow5,tcr_pmhc,holo,D,E,C,A,B,TRDTAYY-QPWWGEQN-AMSVPSGDGSYQFT-MNHEY-SVGEGT-ASKVGPGQHNSPLH,VVVGAGGVGK,hla_a_11_01
7ow6_D-E-C-A-B_tcr_pmhc.pdb,7ow6,tcr_pmhc,holo,D,E,C,A,B,TRDTAYY-QPWWGEQN-AMSVPSGDGSYQFT-MNHEY-SVGEGT-ASKVGPGQHNSPLH,VVVGADGVGK,hla_a_11_01
7p3d_A-B-C_pmhc.pdb,7p3d,pmhc,apo,,,C,A,B,,YLQPRTFLL,hla_a_02_01
7r7v_A-B-C_pmhc.pdb,7r7v,pmhc,apo,,,C,A,B,,QASQEVKNW,hla_b_53_01
7r7z_A-B_tcr.pdb,7r7z,tcr,apo,A,B,,,,DSAIYN-IQSSQRE-AQLNQAGTALI-MNHEY-SVGAGI-ASSYGTGINYGYT,,
7r80_A-B-E-C-D_tcr_pmhc.pdb,7r80,tcr_pmhc,holo,A,B,E,C,D,DSAIYN-IQSSQRE-AQLNQAGTALI-MNHEY-SVGAGI-ASSYGTGINYGYT,QASQEVKNW,hla_b_53_01
7rrg_A-B-C-D_2-E_2_tcr_pmhc.pdb,7rrg,tcr_pmhc,holo,,,C,A,B,,ALHGGWTTK,hla_a_03_01
7rtd_A-B-C_pmhc.pdb,7rtd,pmhc,apo,,,C,A,B,,YLQPRTFLL,hla_a_02_01
7rtr_D-E-C-A-B_tcr_pmhc.pdb,7rtr,tcr_pmhc,holo,D,E,C,A,B,DRGSQS-IYSNGD-AVNRDDKII-SEHNR-FQNEAQ-ASSPDIEQY,YLQPRTFLL,hla_a_02_01
8gom_D-E-C-A-B_tcr_pmhc.pdb,8gom,tcr_pmhc,holo,D,E,C,A,B,TSESDYY-QEAYKQQN-ASSGNTPLV-SGHNS-FNNNVP-ASTWGRASTDTQY,,
8gon_D-E-C-A-B_tcr_pmhc.pdb,8gon,tcr_pmhc,holo,D,E,C,A,B,TSESDYY-QEAYKQQN-ASSGNTPLV-SGHNS-FNNNVP-ASTWGRASTDTQY,,
8gop_A-B_tcr.pdb,8gop,tcr,apo,A,B,,,,TSESDYY-QEAYKQQN-ASSGNTPLV-SGHNS-FNNNVP-ASTWGRASTDTQY,,
8gvb_A-B-P-H-L_tcr_pmhc.pdb,8gvb,tcr_pmhc,holo,A,B,P,H,L,YGATPY-YFSGDTLV-AVGFTGGGNKLT-SEHNR-FQNEAQ-ASSDRDRVPETQY,RYPLTFGW,hla_a_24_02
8gvg_A-B-P-H-L_tcr_pmhc.pdb,8gvg,tcr_pmhc,holo,A,B,P,H,L,YGATPY-YFSGDTLV-AVGFTGGGNKLT-SEHNR-FQNEAQ-ASSDRDRVPETQY,RFPLTFGW,hla_a_24_02
8gvi_A-B-P-H-L_tcr_pmhc.pdb,8gvi,tcr_pmhc,holo,A,B,P,H,L,YGATPY-YFSGDTLV-AVVFTGGGNKLT-SEHNR-FQNEAQ-ASSLRDRVPETQY,RYPLTFGW,hla_a_24_02
