complex_id,structure_x_name,structure_y_name,chain_type,cdr,rmsd
3qdg_D-E-C-A-B_tcr_pmhc,3qdg_D-E-C-A-B_tcr_pmhc.pdb,3qeu_A-B_tcr.pdb,alpha_chain,1,1.2538118833489167
3qdg_D-E-C-A-B_tcr_pmhc,3qdg_D-E-C-A-B_tcr_pmhc.pdb,3qeu_A-B_tcr.pdb,alpha_chain,2,0.2679033037357055
3qdg_D-E-C-A-B_tcr_pmhc,3qdg_D-E-C-A-B_tcr_pmhc.pdb,3qeu_A-B_tcr.pdb,alpha_chain,3,0.9811772874082496
3qdg_D-E-C-A-B_tcr_pmhc,3qdg_D-E-C-A-B_tcr_pmhc.pdb,3qeu_A-B_tcr.pdb,beta_chain,1,0.10003336376742451
3qdg_D-E-C-A-B_tcr_pmhc,3qdg_D-E-C-A-B_tcr_pmhc.pdb,3qeu_A-B_tcr.pdb,beta_chain,2,0.1959835758457047
3qdg_D-E-C-A-B_tcr_pmhc,3qdg_D-E-C-A-B_tcr_pmhc.pdb,3qeu_A-B_tcr.pdb,beta_chain,3,0.28560432854746076
3qdg_D-E-C-A-B_tcr_pmhc,3qdg_D-E-C-A-B_tcr_pmhc.pdb,3qeu_D-E_tcr.pdb,alpha_chain,1,1.3686909756387238
3qdg_D-E-C-A-B_tcr_pmhc,3qdg_D-E-C-A-B_tcr_pmhc.pdb,3qeu_D-E_tcr.pdb,alpha_chain,2,0.2510251361514063
3qdg_D-E-C-A-B_tcr_pmhc,3qdg_D-E-C-A-B_tcr_pmhc.pdb,3qeu_D-E_tcr.pdb,alpha_chain,3,1.5117106293558153
3qdg_D-E-C-A-B_tcr_pmhc,3qdg_D-E-C-A-B_tcr_pmhc.pdb,3qeu_D-E_tcr.pdb,beta_chain,1,0.12379335784083308
3qdg_D-E-C-A-B_tcr_pmhc,3qdg_D-E-C-A-B_tcr_pmhc.pdb,3qeu_D-E_tcr.pdb,beta_chain,2,0.21865166805156164
3qdg_D-E-C-A-B_tcr_pmhc,3qdg_D-E-C-A-B_tcr_pmhc.pdb,3qeu_D-E_tcr.pdb,beta_chain,3,0.21708351856738267
3qdg_D-E-C-A-B_tcr_pmhc,3qeu_A-B_tcr.pdb,3qeu_D-E_tcr.pdb,alpha_chain,1,0.9362686163144889
3qdg_D-E-C-A-B_tcr_pmhc,3qeu_A-B_tcr.pdb,3qeu_D-E_tcr.pdb,alpha_chain,2,0.11981377168798649
3qdg_D-E-C-A-B_tcr_pmhc,3qeu_A-B_tcr.pdb,3qeu_D-E_tcr.pdb,alpha_chain,3,1.0549541241608362
3qdg_D-E-C-A-B_tcr_pmhc,3qeu_A-B_tcr.pdb,3qeu_D-E_tcr.pdb,beta_chain,1,0.12500873696223133
3qdg_D-E-C-A-B_tcr_pmhc,3qeu_A-B_tcr.pdb,3qeu_D-E_tcr.pdb,beta_chain,2,0.2906631216062856
3qdg_D-E-C-A-B_tcr_pmhc,3qeu_A-B_tcr.pdb,3qeu_D-E_tcr.pdb,beta_chain,3,0.16476069541192764
5c0a_D-E-C-A-B_tcr_pmhc,3utp_D-E_tcr.pdb,3utp_K-L_tcr.pdb,alpha_chain,1,0.2766995144833114
5c0a_D-E-C-A-B_tcr_pmhc,3utp_D-E_tcr.pdb,3utp_K-L_tcr.pdb,alpha_chain,2,0.3467185923326305
5c0a_D-E-C-A-B_tcr_pmhc,3utp_D-E_tcr.pdb,3utp_K-L_tcr.pdb,alpha_chain,3,0.4846283357563165
5c0a_D-E-C-A-B_tcr_pmhc,3utp_D-E_tcr.pdb,3utp_K-L_tcr.pdb,beta_chain,1,0.2536872193915396
5c0a_D-E-C-A-B_tcr_pmhc,3utp_D-E_tcr.pdb,3utp_K-L_tcr.pdb,beta_chain,2,0.17686105329074137
5c0a_D-E-C-A-B_tcr_pmhc,3utp_D-E_tcr.pdb,3utp_K-L_tcr.pdb,beta_chain,3,0.39351129450420225
5c0a_D-E-C-A-B_tcr_pmhc,3utp_D-E_tcr.pdb,5c0a_D-E-C-A-B_tcr_pmhc.pdb,alpha_chain,1,0.23004023252926026
5c0a_D-E-C-A-B_tcr_pmhc,3utp_D-E_tcr.pdb,5c0a_D-E-C-A-B_tcr_pmhc.pdb,alpha_chain,2,0.7083518009599659
5c0a_D-E-C-A-B_tcr_pmhc,3utp_D-E_tcr.pdb,5c0a_D-E-C-A-B_tcr_pmhc.pdb,alpha_chain,3,0.24474087518407583
5c0a_D-E-C-A-B_tcr_pmhc,3utp_D-E_tcr.pdb,5c0a_D-E-C-A-B_tcr_pmhc.pdb,beta_chain,1,0.31753445146451226
5c0a_D-E-C-A-B_tcr_pmhc,3utp_D-E_tcr.pdb,5c0a_D-E-C-A-B_tcr_pmhc.pdb,beta_chain,2,0.2246681534124421
5c0a_D-E-C-A-B_tcr_pmhc,3utp_D-E_tcr.pdb,5c0a_D-E-C-A-B_tcr_pmhc.pdb,beta_chain,3,0.29698516742310577
5c0a_D-E-C-A-B_tcr_pmhc,3utp_K-L_tcr.pdb,5c0a_D-E-C-A-B_tcr_pmhc.pdb,alpha_chain,1,0.17736325194038127
5c0a_D-E-C-A-B_tcr_pmhc,3utp_K-L_tcr.pdb,5c0a_D-E-C-A-B_tcr_pmhc.pdb,alpha_chain,2,0.6740768063742512
5c0a_D-E-C-A-B_tcr_pmhc,3utp_K-L_tcr.pdb,5c0a_D-E-C-A-B_tcr_pmhc.pdb,alpha_chain,3,0.47476414947164997
5c0a_D-E-C-A-B_tcr_pmhc,3utp_K-L_tcr.pdb,5c0a_D-E-C-A-B_tcr_pmhc.pdb,beta_chain,1,0.2729608671945916
5c0a_D-E-C-A-B_tcr_pmhc,3utp_K-L_tcr.pdb,5c0a_D-E-C-A-B_tcr_pmhc.pdb,beta_chain,2,0.1860850691533127
5c0a_D-E-C-A-B_tcr_pmhc,3utp_K-L_tcr.pdb,5c0a_D-E-C-A-B_tcr_pmhc.pdb,beta_chain,3,0.26443872377747
1mi5_D-E-C-A-B_tcr_pmhc,1kgc_D-E_tcr.pdb,1mi5_D-E-C-A-B_tcr_pmhc.pdb,alpha_chain,1,0.4665725041128576
1mi5_D-E-C-A-B_tcr_pmhc,1kgc_D-E_tcr.pdb,1mi5_D-E-C-A-B_tcr_pmhc.pdb,alpha_chain,2,1.2873195380955937
1mi5_D-E-C-A-B_tcr_pmhc,1kgc_D-E_tcr.pdb,1mi5_D-E-C-A-B_tcr_pmhc.pdb,alpha_chain,3,2.2176395457980753
1mi5_D-E-C-A-B_tcr_pmhc,1kgc_D-E_tcr.pdb,1mi5_D-E-C-A-B_tcr_pmhc.pdb,beta_chain,1,0.20204745958646136
1mi5_D-E-C-A-B_tcr_pmhc,1kgc_D-E_tcr.pdb,1mi5_D-E-C-A-B_tcr_pmhc.pdb,beta_chain,2,0.19529481579326904
1mi5_D-E-C-A-B_tcr_pmhc,1kgc_D-E_tcr.pdb,1mi5_D-E-C-A-B_tcr_pmhc.pdb,beta_chain,3,0.9731335353991861
5c0b_D-E-C-A-B_tcr_pmhc,3utp_D-E_tcr.pdb,3utp_K-L_tcr.pdb,alpha_chain,1,0.2766482874678767
5c0b_D-E-C-A-B_tcr_pmhc,3utp_D-E_tcr.pdb,3utp_K-L_tcr.pdb,alpha_chain,2,0.3466731680361504
5c0b_D-E-C-A-B_tcr_pmhc,3utp_D-E_tcr.pdb,3utp_K-L_tcr.pdb,alpha_chain,3,0.4845219948440662
5c0b_D-E-C-A-B_tcr_pmhc,3utp_D-E_tcr.pdb,3utp_K-L_tcr.pdb,beta_chain,1,0.25386369832454136
5c0b_D-E-C-A-B_tcr_pmhc,3utp_D-E_tcr.pdb,3utp_K-L_tcr.pdb,beta_chain,2,0.1765957632823525
5c0b_D-E-C-A-B_tcr_pmhc,3utp_D-E_tcr.pdb,3utp_K-L_tcr.pdb,beta_chain,3,0.39339173571551705
5c0b_D-E-C-A-B_tcr_pmhc,3utp_D-E_tcr.pdb,5c0b_D-E-C-A-B_tcr_pmhc.pdb,alpha_chain,1,0.2301005248273965
5c0b_D-E-C-A-B_tcr_pmhc,3utp_D-E_tcr.pdb,5c0b_D-E-C-A-B_tcr_pmhc.pdb,alpha_chain,2,0.804804895893118
5c0b_D-E-C-A-B_tcr_pmhc,3utp_D-E_tcr.pdb,5c0b_D-E-C-A-B_tcr_pmhc.pdb,alpha_chain,3,0.2446994769152377
5c0b_D-E-C-A-B_tcr_pmhc,3utp_D-E_tcr.pdb,5c0b_D-E-C-A-B_tcr_pmhc.pdb,beta_chain,1,0.2621089776039359
5c0b_D-E-C-A-B_tcr_pmhc,3utp_D-E_tcr.pdb,5c0b_D-E-C-A-B_tcr_pmhc.pdb,beta_chain,2,0.2111539824226232
5c0b_D-E-C-A-B_tcr_pmhc,3utp_D-E_tcr.pdb,5c0b_D-E-C-A-B_tcr_pmhc.pdb,beta_chain,3,0.3355200330685557
5c0b_D-E-C-A-B_tcr_pmhc,3utp_K-L_tcr.pdb,5c0b_D-E-C-A-B_tcr_pmhc.pdb,alpha_chain,1,0.18853111273002274
5c0b_D-E-C-A-B_tcr_pmhc,3utp_K-L_tcr.pdb,5c0b_D-E-C-A-B_tcr_pmhc.pdb,alpha_chain,2,0.7367512915491483
5c0b_D-E-C-A-B_tcr_pmhc,3utp_K-L_tcr.pdb,5c0b_D-E-C-A-B_tcr_pmhc.pdb,alpha_chain,3,0.5002882521290563
5c0b_D-E-C-A-B_tcr_pmhc,3utp_K-L_tcr.pdb,5c0b_D-E-C-A-B_tcr_pmhc.pdb,beta_chain,1,0.2796369187738522
5c0b_D-E-C-A-B_tcr_pmhc,3utp_K-L_tcr.pdb,5c0b_D-E-C-A-B_tcr_pmhc.pdb,beta_chain,2,0.16719314572187646
5c0b_D-E-C-A-B_tcr_pmhc,3utp_K-L_tcr.pdb,5c0b_D-E-C-A-B_tcr_pmhc.pdb,beta_chain,3,0.28951363461832763
5hyj_D-E-C-A-B_tcr_pmhc,3utp_D-E_tcr.pdb,3utp_K-L_tcr.pdb,alpha_chain,1,0.2766994880021625
5hyj_D-E-C-A-B_tcr_pmhc,3utp_D-E_tcr.pdb,3utp_K-L_tcr.pdb,alpha_chain,2,0.3466637120573736
5hyj_D-E-C-A-B_tcr_pmhc,3utp_D-E_tcr.pdb,3utp_K-L_tcr.pdb,alpha_chain,3,0.4844804260359674
5hyj_D-E-C-A-B_tcr_pmhc,3utp_D-E_tcr.pdb,3utp_K-L_tcr.pdb,beta_chain,1,0.2539570040723008
5hyj_D-E-C-A-B_tcr_pmhc,3utp_D-E_tcr.pdb,3utp_K-L_tcr.pdb,beta_chain,2,0.17662543868658373
5hyj_D-E-C-A-B_tcr_pmhc,3utp_D-E_tcr.pdb,3utp_K-L_tcr.pdb,beta_chain,3,0.3934962619165745
5hyj_D-E-C-A-B_tcr_pmhc,3utp_D-E_tcr.pdb,5hyj_D-E-C-A-B_tcr_pmhc.pdb,alpha_chain,1,0.4005207036935192
5hyj_D-E-C-A-B_tcr_pmhc,3utp_D-E_tcr.pdb,5hyj_D-E-C-A-B_tcr_pmhc.pdb,alpha_chain,2,0.6648660279777009
5hyj_D-E-C-A-B_tcr_pmhc,3utp_D-E_tcr.pdb,5hyj_D-E-C-A-B_tcr_pmhc.pdb,alpha_chain,3,0.38617441133791536
5hyj_D-E-C-A-B_tcr_pmhc,3utp_D-E_tcr.pdb,5hyj_D-E-C-A-B_tcr_pmhc.pdb,beta_chain,1,0.3267168851656508
5hyj_D-E-C-A-B_tcr_pmhc,3utp_D-E_tcr.pdb,5hyj_D-E-C-A-B_tcr_pmhc.pdb,beta_chain,2,0.2487112106059761
5hyj_D-E-C-A-B_tcr_pmhc,3utp_D-E_tcr.pdb,5hyj_D-E-C-A-B_tcr_pmhc.pdb,beta_chain,3,0.37533055177133
5hyj_D-E-C-A-B_tcr_pmhc,3utp_K-L_tcr.pdb,5hyj_D-E-C-A-B_tcr_pmhc.pdb,alpha_chain,1,0.33842899209431393
5hyj_D-E-C-A-B_tcr_pmhc,3utp_K-L_tcr.pdb,5hyj_D-E-C-A-B_tcr_pmhc.pdb,alpha_chain,2,0.6091020679878877
5hyj_D-E-C-A-B_tcr_pmhc,3utp_K-L_tcr.pdb,5hyj_D-E-C-A-B_tcr_pmhc.pdb,alpha_chain,3,0.6224625667200108
5hyj_D-E-C-A-B_tcr_pmhc,3utp_K-L_tcr.pdb,5hyj_D-E-C-A-B_tcr_pmhc.pdb,beta_chain,1,0.22508543754027513
5hyj_D-E-C-A-B_tcr_pmhc,3utp_K-L_tcr.pdb,5hyj_D-E-C-A-B_tcr_pmhc.pdb,beta_chain,2,0.22084413978836728
5hyj_D-E-C-A-B_tcr_pmhc,3utp_K-L_tcr.pdb,5hyj_D-E-C-A-B_tcr_pmhc.pdb,beta_chain,3,0.3468057666283114
1g6r_A-B-P-H-L_tcr_pmhc,1g6r_A-B-P-H-L_tcr_pmhc.pdb,1tcr_A-B_tcr.pdb,alpha_chain,1,0.7033644009969559
1g6r_A-B-P-H-L_tcr_pmhc,1g6r_A-B-P-H-L_tcr_pmhc.pdb,1tcr_A-B_tcr.pdb,alpha_chain,2,0.3881204729366768
1g6r_A-B-P-H-L_tcr_pmhc,1g6r_A-B-P-H-L_tcr_pmhc.pdb,1tcr_A-B_tcr.pdb,alpha_chain,3,1.7461639408535183
1g6r_A-B-P-H-L_tcr_pmhc,1g6r_A-B-P-H-L_tcr_pmhc.pdb,1tcr_A-B_tcr.pdb,beta_chain,1,0.40200525677958987
1g6r_A-B-P-H-L_tcr_pmhc,1g6r_A-B-P-H-L_tcr_pmhc.pdb,1tcr_A-B_tcr.pdb,beta_chain,2,0.5589510035572138
1g6r_A-B-P-H-L_tcr_pmhc,1g6r_A-B-P-H-L_tcr_pmhc.pdb,1tcr_A-B_tcr.pdb,beta_chain,3,0.7030689243721637
3dxa_D-E-C-A-B_tcr_pmhc,3dx9_A-B_tcr.pdb,3dx9_C-D_tcr.pdb,alpha_chain,1,0.023047787624035983
3dxa_D-E-C-A-B_tcr_pmhc,3dx9_A-B_tcr.pdb,3dx9_C-D_tcr.pdb,alpha_chain,2,0.13215459882539402
3dxa_D-E-C-A-B_tcr_pmhc,3dx9_A-B_tcr.pdb,3dx9_C-D_tcr.pdb,alpha_chain,3,0.06483670108971727
3dxa_D-E-C-A-B_tcr_pmhc,3dx9_A-B_tcr.pdb,3dx9_C-D_tcr.pdb,beta_chain,1,0.04203127797719367
3dxa_D-E-C-A-B_tcr_pmhc,3dx9_A-B_tcr.pdb,3dx9_C-D_tcr.pdb,beta_chain,2,0.2307808816449854
3dxa_D-E-C-A-B_tcr_pmhc,3dx9_A-B_tcr.pdb,3dx9_C-D_tcr.pdb,beta_chain,3,0.04896420505525906
3dxa_D-E-C-A-B_tcr_pmhc,3dx9_A-B_tcr.pdb,3dxa_D-E-C-A-B_tcr_pmhc.pdb,alpha_chain,1,0.8921963269247031
3dxa_D-E-C-A-B_tcr_pmhc,3dx9_A-B_tcr.pdb,3dxa_D-E-C-A-B_tcr_pmhc.pdb,alpha_chain,2,1.0731304737872611
3dxa_D-E-C-A-B_tcr_pmhc,3dx9_A-B_tcr.pdb,3dxa_D-E-C-A-B_tcr_pmhc.pdb,alpha_chain,3,0.5800466023564111
3dxa_D-E-C-A-B_tcr_pmhc,3dx9_A-B_tcr.pdb,3dxa_D-E-C-A-B_tcr_pmhc.pdb,beta_chain,1,0.6084854831719951
3dxa_D-E-C-A-B_tcr_pmhc,3dx9_A-B_tcr.pdb,3dxa_D-E-C-A-B_tcr_pmhc.pdb,beta_chain,2,0.3516787302618422
3dxa_D-E-C-A-B_tcr_pmhc,3dx9_A-B_tcr.pdb,3dxa_D-E-C-A-B_tcr_pmhc.pdb,beta_chain,3,2.270700853911307
3dxa_D-E-C-A-B_tcr_pmhc,3dx9_C-D_tcr.pdb,3dxa_D-E-C-A-B_tcr_pmhc.pdb,alpha_chain,1,0.8944176316494729
3dxa_D-E-C-A-B_tcr_pmhc,3dx9_C-D_tcr.pdb,3dxa_D-E-C-A-B_tcr_pmhc.pdb,alpha_chain,2,1.0848166490867903
3dxa_D-E-C-A-B_tcr_pmhc,3dx9_C-D_tcr.pdb,3dxa_D-E-C-A-B_tcr_pmhc.pdb,alpha_chain,3,0.582200863009283
3dxa_D-E-C-A-B_tcr_pmhc,3dx9_C-D_tcr.pdb,3dxa_D-E-C-A-B_tcr_pmhc.pdb,beta_chain,1,0.6182296200689681
3dxa_D-E-C-A-B_tcr_pmhc,3dx9_C-D_tcr.pdb,3dxa_D-E-C-A-B_tcr_pmhc.pdb,beta_chain,2,0.27280320932845104
3dxa_D-E-C-A-B_tcr_pmhc,3dx9_C-D_tcr.pdb,3dxa_D-E-C-A-B_tcr_pmhc.pdb,beta_chain,3,2.2678788949431277
6rp9_D-E-C-A-B_tcr_pmhc,6rp9_D-E-C-A-B_tcr_pmhc.pdb,6rp9_K-L_tcr.pdb,alpha_chain,1,0.022408025875645634
6rp9_D-E-C-A-B_tcr_pmhc,6rp9_D-E-C-A-B_tcr_pmhc.pdb,6rp9_K-L_tcr.pdb,alpha_chain,3,0.6852871603251462
6rp9_D-E-C-A-B_tcr_pmhc,6rp9_D-E-C-A-B_tcr_pmhc.pdb,6rp9_K-L_tcr.pdb,beta_chain,1,0.1555355188880421
6rp9_D-E-C-A-B_tcr_pmhc,6rp9_D-E-C-A-B_tcr_pmhc.pdb,6rp9_K-L_tcr.pdb,beta_chain,2,0.14038549062312147
6rp9_D-E-C-A-B_tcr_pmhc,6rp9_D-E-C-A-B_tcr_pmhc.pdb,6rp9_K-L_tcr.pdb,beta_chain,3,0.44153245468387886
3w0w_D-E-C-A-B_tcr_pmhc,3vxt_A-B_tcr.pdb,3vxt_C-D_tcr.pdb,alpha_chain,1,0.08210774424820241
3w0w_D-E-C-A-B_tcr_pmhc,3vxt_A-B_tcr.pdb,3vxt_C-D_tcr.pdb,alpha_chain,2,0.09272361514168355
3w0w_D-E-C-A-B_tcr_pmhc,3vxt_A-B_tcr.pdb,3vxt_C-D_tcr.pdb,alpha_chain,3,0.17926701489281407
3w0w_D-E-C-A-B_tcr_pmhc,3vxt_A-B_tcr.pdb,3vxt_C-D_tcr.pdb,beta_chain,1,0.09176384949115099
3w0w_D-E-C-A-B_tcr_pmhc,3vxt_A-B_tcr.pdb,3vxt_C-D_tcr.pdb,beta_chain,2,0.19815808799659745
3w0w_D-E-C-A-B_tcr_pmhc,3vxt_A-B_tcr.pdb,3vxt_C-D_tcr.pdb,beta_chain,3,0.928662318703824
3w0w_D-E-C-A-B_tcr_pmhc,3vxt_A-B_tcr.pdb,3w0w_D-E-C-A-B_tcr_pmhc.pdb,alpha_chain,1,0.3221224237383014
3w0w_D-E-C-A-B_tcr_pmhc,3vxt_A-B_tcr.pdb,3w0w_D-E-C-A-B_tcr_pmhc.pdb,alpha_chain,2,0.5146422328631782
3w0w_D-E-C-A-B_tcr_pmhc,3vxt_A-B_tcr.pdb,3w0w_D-E-C-A-B_tcr_pmhc.pdb,alpha_chain,3,0.7954196164304034
3w0w_D-E-C-A-B_tcr_pmhc,3vxt_A-B_tcr.pdb,3w0w_D-E-C-A-B_tcr_pmhc.pdb,beta_chain,1,0.1595622117023189
3w0w_D-E-C-A-B_tcr_pmhc,3vxt_A-B_tcr.pdb,3w0w_D-E-C-A-B_tcr_pmhc.pdb,beta_chain,2,0.14365294459984898
3w0w_D-E-C-A-B_tcr_pmhc,3vxt_A-B_tcr.pdb,3w0w_D-E-C-A-B_tcr_pmhc.pdb,beta_chain,3,0.6452422501912419
3w0w_D-E-C-A-B_tcr_pmhc,3vxt_C-D_tcr.pdb,3w0w_D-E-C-A-B_tcr_pmhc.pdb,alpha_chain,1,0.33564005734764046
3w0w_D-E-C-A-B_tcr_pmhc,3vxt_C-D_tcr.pdb,3w0w_D-E-C-A-B_tcr_pmhc.pdb,alpha_chain,2,0.5478750774117906
3w0w_D-E-C-A-B_tcr_pmhc,3vxt_C-D_tcr.pdb,3w0w_D-E-C-A-B_tcr_pmhc.pdb,alpha_chain,3,0.7513814235166184
3w0w_D-E-C-A-B_tcr_pmhc,3vxt_C-D_tcr.pdb,3w0w_D-E-C-A-B_tcr_pmhc.pdb,beta_chain,1,0.14818963105172514
3w0w_D-E-C-A-B_tcr_pmhc,3vxt_C-D_tcr.pdb,3w0w_D-E-C-A-B_tcr_pmhc.pdb,beta_chain,2,0.17177820346227415
3w0w_D-E-C-A-B_tcr_pmhc,3vxt_C-D_tcr.pdb,3w0w_D-E-C-A-B_tcr_pmhc.pdb,beta_chain,3,1.0554062212591728
3sjv_D-E-C-A-B_tcr_pmhc,3sjv_D-E-C-A-B_tcr_pmhc.pdb,3skn_A-B_tcr.pdb,alpha_chain,1,0.3483158533722532
3sjv_D-E-C-A-B_tcr_pmhc,3sjv_D-E-C-A-B_tcr_pmhc.pdb,3skn_A-B_tcr.pdb,alpha_chain,2,1.7282120425149832
3sjv_D-E-C-A-B_tcr_pmhc,3sjv_D-E-C-A-B_tcr_pmhc.pdb,3skn_A-B_tcr.pdb,alpha_chain,3,0.4518405168839855
3sjv_D-E-C-A-B_tcr_pmhc,3sjv_D-E-C-A-B_tcr_pmhc.pdb,3skn_A-B_tcr.pdb,beta_chain,1,0.497873173176056
3sjv_D-E-C-A-B_tcr_pmhc,3sjv_D-E-C-A-B_tcr_pmhc.pdb,3skn_A-B_tcr.pdb,beta_chain,2,1.0425026023805737
3sjv_D-E-C-A-B_tcr_pmhc,3sjv_D-E-C-A-B_tcr_pmhc.pdb,3skn_A-B_tcr.pdb,beta_chain,3,0.947094020157508
3sjv_D-E-C-A-B_tcr_pmhc,3sjv_D-E-C-A-B_tcr_pmhc.pdb,3skn_C-D_tcr.pdb,alpha_chain,1,0.35652156478327435
3sjv_D-E-C-A-B_tcr_pmhc,3sjv_D-E-C-A-B_tcr_pmhc.pdb,3skn_C-D_tcr.pdb,alpha_chain,2,1.7298953542810318
3sjv_D-E-C-A-B_tcr_pmhc,3sjv_D-E-C-A-B_tcr_pmhc.pdb,3skn_C-D_tcr.pdb,alpha_chain,3,0.8253523840946101
3sjv_D-E-C-A-B_tcr_pmhc,3sjv_D-E-C-A-B_tcr_pmhc.pdb,3skn_C-D_tcr.pdb,beta_chain,1,0.3360033693731278
3sjv_D-E-C-A-B_tcr_pmhc,3sjv_D-E-C-A-B_tcr_pmhc.pdb,3skn_C-D_tcr.pdb,beta_chain,2,0.9449384949489815
3sjv_D-E-C-A-B_tcr_pmhc,3sjv_D-E-C-A-B_tcr_pmhc.pdb,3skn_C-D_tcr.pdb,beta_chain,3,0.9838169779385106
3sjv_D-E-C-A-B_tcr_pmhc,3sjv_D-E-C-A-B_tcr_pmhc.pdb,3skn_E-F_tcr.pdb,alpha_chain,1,0.4274445285197663
3sjv_D-E-C-A-B_tcr_pmhc,3sjv_D-E-C-A-B_tcr_pmhc.pdb,3skn_E-F_tcr.pdb,alpha_chain,2,1.7641317050448526
3sjv_D-E-C-A-B_tcr_pmhc,3sjv_D-E-C-A-B_tcr_pmhc.pdb,3skn_E-F_tcr.pdb,alpha_chain,3,0.8824445970233632
3sjv_D-E-C-A-B_tcr_pmhc,3sjv_D-E-C-A-B_tcr_pmhc.pdb,3skn_E-F_tcr.pdb,beta_chain,1,0.29738253511214646
3sjv_D-E-C-A-B_tcr_pmhc,3sjv_D-E-C-A-B_tcr_pmhc.pdb,3skn_E-F_tcr.pdb,beta_chain,2,0.8892822947188495
3sjv_D-E-C-A-B_tcr_pmhc,3sjv_D-E-C-A-B_tcr_pmhc.pdb,3skn_E-F_tcr.pdb,beta_chain,3,0.8501722722208896
3sjv_D-E-C-A-B_tcr_pmhc,3sjv_D-E-C-A-B_tcr_pmhc.pdb,3skn_G-H_tcr.pdb,alpha_chain,1,0.30638921606215563
3sjv_D-E-C-A-B_tcr_pmhc,3sjv_D-E-C-A-B_tcr_pmhc.pdb,3skn_G-H_tcr.pdb,alpha_chain,2,1.773596460550063
3sjv_D-E-C-A-B_tcr_pmhc,3sjv_D-E-C-A-B_tcr_pmhc.pdb,3skn_G-H_tcr.pdb,alpha_chain,3,0.819515537302989
3sjv_D-E-C-A-B_tcr_pmhc,3sjv_D-E-C-A-B_tcr_pmhc.pdb,3skn_G-H_tcr.pdb,beta_chain,1,0.29126908006195434
3sjv_D-E-C-A-B_tcr_pmhc,3sjv_D-E-C-A-B_tcr_pmhc.pdb,3skn_G-H_tcr.pdb,beta_chain,2,1.1432814159977622
3sjv_D-E-C-A-B_tcr_pmhc,3sjv_D-E-C-A-B_tcr_pmhc.pdb,3skn_G-H_tcr.pdb,beta_chain,3,0.9242597453514764
3sjv_D-E-C-A-B_tcr_pmhc,3skn_A-B_tcr.pdb,3skn_C-D_tcr.pdb,alpha_chain,1,0.24394026625854795
3sjv_D-E-C-A-B_tcr_pmhc,3skn_A-B_tcr.pdb,3skn_C-D_tcr.pdb,alpha_chain,2,0.26465962325854164
3sjv_D-E-C-A-B_tcr_pmhc,3skn_A-B_tcr.pdb,3skn_C-D_tcr.pdb,alpha_chain,3,0.7915319710038987
3sjv_D-E-C-A-B_tcr_pmhc,3skn_A-B_tcr.pdb,3skn_C-D_tcr.pdb,beta_chain,1,0.31290007921316576
3sjv_D-E-C-A-B_tcr_pmhc,3skn_A-B_tcr.pdb,3skn_C-D_tcr.pdb,beta_chain,2,0.4849882029084168
3sjv_D-E-C-A-B_tcr_pmhc,3skn_A-B_tcr.pdb,3skn_C-D_tcr.pdb,beta_chain,3,0.7397831535973731
3sjv_D-E-C-A-B_tcr_pmhc,3skn_A-B_tcr.pdb,3skn_E-F_tcr.pdb,alpha_chain,1,0.2619851965408575
3sjv_D-E-C-A-B_tcr_pmhc,3skn_A-B_tcr.pdb,3skn_E-F_tcr.pdb,alpha_chain,2,0.2717790279137496
3sjv_D-E-C-A-B_tcr_pmhc,3skn_A-B_tcr.pdb,3skn_E-F_tcr.pdb,alpha_chain,3,0.7449429751443807
3sjv_D-E-C-A-B_tcr_pmhc,3skn_A-B_tcr.pdb,3skn_E-F_tcr.pdb,beta_chain,1,0.3197573447938006
3sjv_D-E-C-A-B_tcr_pmhc,3skn_A-B_tcr.pdb,3skn_E-F_tcr.pdb,beta_chain,2,0.3796675926079031
3sjv_D-E-C-A-B_tcr_pmhc,3skn_A-B_tcr.pdb,3skn_E-F_tcr.pdb,beta_chain,3,0.49328384973012873
3sjv_D-E-C-A-B_tcr_pmhc,3skn_A-B_tcr.pdb,3skn_G-H_tcr.pdb,alpha_chain,1,0.2094378202744994
3sjv_D-E-C-A-B_tcr_pmhc,3skn_A-B_tcr.pdb,3skn_G-H_tcr.pdb,alpha_chain,2,0.3267790489661107
3sjv_D-E-C-A-B_tcr_pmhc,3skn_A-B_tcr.pdb,3skn_G-H_tcr.pdb,alpha_chain,3,0.7294135750293504
3sjv_D-E-C-A-B_tcr_pmhc,3skn_A-B_tcr.pdb,3skn_G-H_tcr.pdb,beta_chain,1,0.3687074424371702
3sjv_D-E-C-A-B_tcr_pmhc,3skn_A-B_tcr.pdb,3skn_G-H_tcr.pdb,beta_chain,2,0.31289263419336133
3sjv_D-E-C-A-B_tcr_pmhc,3skn_A-B_tcr.pdb,3skn_G-H_tcr.pdb,beta_chain,3,0.46008213632493816
3sjv_D-E-C-A-B_tcr_pmhc,3skn_C-D_tcr.pdb,3skn_E-F_tcr.pdb,alpha_chain,1,0.41377270403297695
3sjv_D-E-C-A-B_tcr_pmhc,3skn_C-D_tcr.pdb,3skn_E-F_tcr.pdb,alpha_chain,2,0.27752189111120007
3sjv_D-E-C-A-B_tcr_pmhc,3skn_C-D_tcr.pdb,3skn_E-F_tcr.pdb,alpha_chain,3,0.4073812812391369
3sjv_D-E-C-A-B_tcr_pmhc,3skn_C-D_tcr.pdb,3skn_E-F_tcr.pdb,beta_chain,1,0.1899342917248198
3sjv_D-E-C-A-B_tcr_pmhc,3skn_C-D_tcr.pdb,3skn_E-F_tcr.pdb,beta_chain,2,0.49719396486374046
3sjv_D-E-C-A-B_tcr_pmhc,3skn_C-D_tcr.pdb,3skn_E-F_tcr.pdb,beta_chain,3,0.7121013297961243
3sjv_D-E-C-A-B_tcr_pmhc,3skn_C-D_tcr.pdb,3skn_G-H_tcr.pdb,alpha_chain,1,0.22069424335157187
3sjv_D-E-C-A-B_tcr_pmhc,3skn_C-D_tcr.pdb,3skn_G-H_tcr.pdb,alpha_chain,2,0.31442038352730134
3sjv_D-E-C-A-B_tcr_pmhc,3skn_C-D_tcr.pdb,3skn_G-H_tcr.pdb,alpha_chain,3,0.3516525801400433
3sjv_D-E-C-A-B_tcr_pmhc,3skn_C-D_tcr.pdb,3skn_G-H_tcr.pdb,beta_chain,1,0.22723790089049906
3sjv_D-E-C-A-B_tcr_pmhc,3skn_C-D_tcr.pdb,3skn_G-H_tcr.pdb,beta_chain,2,0.6704048390587488
3sjv_D-E-C-A-B_tcr_pmhc,3skn_C-D_tcr.pdb,3skn_G-H_tcr.pdb,beta_chain,3,0.791482469880946
3sjv_D-E-C-A-B_tcr_pmhc,3skn_E-F_tcr.pdb,3skn_G-H_tcr.pdb,alpha_chain,1,0.2750884433419144
3sjv_D-E-C-A-B_tcr_pmhc,3skn_E-F_tcr.pdb,3skn_G-H_tcr.pdb,alpha_chain,2,0.15923752305268635
3sjv_D-E-C-A-B_tcr_pmhc,3skn_E-F_tcr.pdb,3skn_G-H_tcr.pdb,alpha_chain,3,0.26518139072615593
3sjv_D-E-C-A-B_tcr_pmhc,3skn_E-F_tcr.pdb,3skn_G-H_tcr.pdb,beta_chain,1,0.19918618174495692
3sjv_D-E-C-A-B_tcr_pmhc,3skn_E-F_tcr.pdb,3skn_G-H_tcr.pdb,beta_chain,2,0.5533358784059251
3sjv_D-E-C-A-B_tcr_pmhc,3skn_E-F_tcr.pdb,3skn_G-H_tcr.pdb,beta_chain,3,0.5617428862343136
6amu_D-E-C-A-B_tcr_pmhc,3qeu_A-B_tcr.pdb,3qeu_D-E_tcr.pdb,alpha_chain,1,0.9362528594189848
6amu_D-E-C-A-B_tcr_pmhc,3qeu_A-B_tcr.pdb,3qeu_D-E_tcr.pdb,alpha_chain,2,0.11977728262247994
6amu_D-E-C-A-B_tcr_pmhc,3qeu_A-B_tcr.pdb,3qeu_D-E_tcr.pdb,alpha_chain,3,1.0550388643387527
6amu_D-E-C-A-B_tcr_pmhc,3qeu_A-B_tcr.pdb,3qeu_D-E_tcr.pdb,beta_chain,1,0.12515547883741782
6amu_D-E-C-A-B_tcr_pmhc,3qeu_A-B_tcr.pdb,3qeu_D-E_tcr.pdb,beta_chain,2,0.29073500066249497
6amu_D-E-C-A-B_tcr_pmhc,3qeu_A-B_tcr.pdb,3qeu_D-E_tcr.pdb,beta_chain,3,0.16463281359015672
6amu_D-E-C-A-B_tcr_pmhc,3qeu_A-B_tcr.pdb,6amu_D-E-C-A-B_tcr_pmhc.pdb,alpha_chain,1,1.2128164513415878
6amu_D-E-C-A-B_tcr_pmhc,3qeu_A-B_tcr.pdb,6amu_D-E-C-A-B_tcr_pmhc.pdb,alpha_chain,2,0.14763600466336163
6amu_D-E-C-A-B_tcr_pmhc,3qeu_A-B_tcr.pdb,6amu_D-E-C-A-B_tcr_pmhc.pdb,alpha_chain,3,0.4962356726882469
6amu_D-E-C-A-B_tcr_pmhc,3qeu_A-B_tcr.pdb,6amu_D-E-C-A-B_tcr_pmhc.pdb,beta_chain,1,0.17142856650503532
6amu_D-E-C-A-B_tcr_pmhc,3qeu_A-B_tcr.pdb,6amu_D-E-C-A-B_tcr_pmhc.pdb,beta_chain,2,0.22075834683196457
6amu_D-E-C-A-B_tcr_pmhc,3qeu_A-B_tcr.pdb,6amu_D-E-C-A-B_tcr_pmhc.pdb,beta_chain,3,0.21463916021080212
6amu_D-E-C-A-B_tcr_pmhc,3qeu_D-E_tcr.pdb,6amu_D-E-C-A-B_tcr_pmhc.pdb,alpha_chain,1,1.303371467758436
6amu_D-E-C-A-B_tcr_pmhc,3qeu_D-E_tcr.pdb,6amu_D-E-C-A-B_tcr_pmhc.pdb,alpha_chain,2,0.1599675938575067
6amu_D-E-C-A-B_tcr_pmhc,3qeu_D-E_tcr.pdb,6amu_D-E-C-A-B_tcr_pmhc.pdb,alpha_chain,3,1.0658636278706513
6amu_D-E-C-A-B_tcr_pmhc,3qeu_D-E_tcr.pdb,6amu_D-E-C-A-B_tcr_pmhc.pdb,beta_chain,1,0.12907106767639234
6amu_D-E-C-A-B_tcr_pmhc,3qeu_D-E_tcr.pdb,6amu_D-E-C-A-B_tcr_pmhc.pdb,beta_chain,2,0.21211609671035606
6amu_D-E-C-A-B_tcr_pmhc,3qeu_D-E_tcr.pdb,6amu_D-E-C-A-B_tcr_pmhc.pdb,beta_chain,3,0.21437824524009924
3pwp_D-E-C-A-B_tcr_pmhc,3pwp_D-E-C-A-B_tcr_pmhc.pdb,3qh3_A-B_tcr.pdb,alpha_chain,1,0.256695675897147
3pwp_D-E-C-A-B_tcr_pmhc,3pwp_D-E-C-A-B_tcr_pmhc.pdb,3qh3_A-B_tcr.pdb,alpha_chain,2,0.1678261388256321
3pwp_D-E-C-A-B_tcr_pmhc,3pwp_D-E-C-A-B_tcr_pmhc.pdb,3qh3_A-B_tcr.pdb,alpha_chain,3,1.951539158392782
3pwp_D-E-C-A-B_tcr_pmhc,3pwp_D-E-C-A-B_tcr_pmhc.pdb,3qh3_A-B_tcr.pdb,beta_chain,1,0.248128686554454
3pwp_D-E-C-A-B_tcr_pmhc,3pwp_D-E-C-A-B_tcr_pmhc.pdb,3qh3_A-B_tcr.pdb,beta_chain,2,0.257402487636728
3pwp_D-E-C-A-B_tcr_pmhc,3pwp_D-E-C-A-B_tcr_pmhc.pdb,3qh3_A-B_tcr.pdb,beta_chain,3,1.348852761776156
3pwp_D-E-C-A-B_tcr_pmhc,3pwp_D-E-C-A-B_tcr_pmhc.pdb,7amp_A-B_tcr.pdb,alpha_chain,1,0.48448487666676493
3pwp_D-E-C-A-B_tcr_pmhc,3pwp_D-E-C-A-B_tcr_pmhc.pdb,7amp_A-B_tcr.pdb,alpha_chain,2,0.347671362370663
3pwp_D-E-C-A-B_tcr_pmhc,3pwp_D-E-C-A-B_tcr_pmhc.pdb,7amp_A-B_tcr.pdb,alpha_chain,3,0.5701775824723612
3pwp_D-E-C-A-B_tcr_pmhc,3pwp_D-E-C-A-B_tcr_pmhc.pdb,7amp_A-B_tcr.pdb,beta_chain,1,0.7988066965300233
3pwp_D-E-C-A-B_tcr_pmhc,3pwp_D-E-C-A-B_tcr_pmhc.pdb,7amp_A-B_tcr.pdb,beta_chain,2,0.28173158839975954
3pwp_D-E-C-A-B_tcr_pmhc,3pwp_D-E-C-A-B_tcr_pmhc.pdb,7amp_A-B_tcr.pdb,beta_chain,3,1.8450834009681745
3pwp_D-E-C-A-B_tcr_pmhc,3qh3_A-B_tcr.pdb,7amp_A-B_tcr.pdb,alpha_chain,1,0.44879694951048027
3pwp_D-E-C-A-B_tcr_pmhc,3qh3_A-B_tcr.pdb,7amp_A-B_tcr.pdb,alpha_chain,2,0.2610091893607963
3pwp_D-E-C-A-B_tcr_pmhc,3qh3_A-B_tcr.pdb,7amp_A-B_tcr.pdb,alpha_chain,3,1.8315709739412465
3pwp_D-E-C-A-B_tcr_pmhc,3qh3_A-B_tcr.pdb,7amp_A-B_tcr.pdb,beta_chain,1,0.8474662521467036
3pwp_D-E-C-A-B_tcr_pmhc,3qh3_A-B_tcr.pdb,7amp_A-B_tcr.pdb,beta_chain,2,0.23965303942844876
3pwp_D-E-C-A-B_tcr_pmhc,3qh3_A-B_tcr.pdb,7amp_A-B_tcr.pdb,beta_chain,3,1.8866251564354433
3h9s_D-E-C-A-B_tcr_pmhc,3h9s_D-E-C-A-B_tcr_pmhc.pdb,3qh3_A-B_tcr.pdb,alpha_chain,1,0.3298094928057082
3h9s_D-E-C-A-B_tcr_pmhc,3h9s_D-E-C-A-B_tcr_pmhc.pdb,3qh3_A-B_tcr.pdb,alpha_chain,2,0.11278731922268895
3h9s_D-E-C-A-B_tcr_pmhc,3h9s_D-E-C-A-B_tcr_pmhc.pdb,3qh3_A-B_tcr.pdb,alpha_chain,3,1.9335638702240021
3h9s_D-E-C-A-B_tcr_pmhc,3h9s_D-E-C-A-B_tcr_pmhc.pdb,3qh3_A-B_tcr.pdb,beta_chain,1,0.20982724391434585
3h9s_D-E-C-A-B_tcr_pmhc,3h9s_D-E-C-A-B_tcr_pmhc.pdb,3qh3_A-B_tcr.pdb,beta_chain,2,0.2951138393751993
3h9s_D-E-C-A-B_tcr_pmhc,3h9s_D-E-C-A-B_tcr_pmhc.pdb,3qh3_A-B_tcr.pdb,beta_chain,3,1.4298298502184186
3h9s_D-E-C-A-B_tcr_pmhc,3h9s_D-E-C-A-B_tcr_pmhc.pdb,7amp_A-B_tcr.pdb,alpha_chain,1,0.4593116157349502
3h9s_D-E-C-A-B_tcr_pmhc,3h9s_D-E-C-A-B_tcr_pmhc.pdb,7amp_A-B_tcr.pdb,alpha_chain,2,0.254677369243511
3h9s_D-E-C-A-B_tcr_pmhc,3h9s_D-E-C-A-B_tcr_pmhc.pdb,7amp_A-B_tcr.pdb,alpha_chain,3,0.5424434960175613
3h9s_D-E-C-A-B_tcr_pmhc,3h9s_D-E-C-A-B_tcr_pmhc.pdb,7amp_A-B_tcr.pdb,beta_chain,1,0.8278539889973485
3h9s_D-E-C-A-B_tcr_pmhc,3h9s_D-E-C-A-B_tcr_pmhc.pdb,7amp_A-B_tcr.pdb,beta_chain,2,0.25245531345226485
3h9s_D-E-C-A-B_tcr_pmhc,3h9s_D-E-C-A-B_tcr_pmhc.pdb,7amp_A-B_tcr.pdb,beta_chain,3,1.9537179938280735
3h9s_D-E-C-A-B_tcr_pmhc,3qh3_A-B_tcr.pdb,7amp_A-B_tcr.pdb,alpha_chain,1,0.4487300371462241
3h9s_D-E-C-A-B_tcr_pmhc,3qh3_A-B_tcr.pdb,7amp_A-B_tcr.pdb,alpha_chain,2,0.2609532516067396
3h9s_D-E-C-A-B_tcr_pmhc,3qh3_A-B_tcr.pdb,7amp_A-B_tcr.pdb,alpha_chain,3,1.8316649008038162
3h9s_D-E-C-A-B_tcr_pmhc,3qh3_A-B_tcr.pdb,7amp_A-B_tcr.pdb,beta_chain,1,0.8473704502195775
3h9s_D-E-C-A-B_tcr_pmhc,3qh3_A-B_tcr.pdb,7amp_A-B_tcr.pdb,beta_chain,2,0.23965088754350083
3h9s_D-E-C-A-B_tcr_pmhc,3qh3_A-B_tcr.pdb,7amp_A-B_tcr.pdb,beta_chain,3,1.8866337836423404
2bnr_D-E-C-A-B_tcr_pmhc,2bnr_D-E-C-A-B_tcr_pmhc.pdb,2bnu_A-B_tcr.pdb,alpha_chain,1,0.11400755812926047
2bnr_D-E-C-A-B_tcr_pmhc,2bnr_D-E-C-A-B_tcr_pmhc.pdb,2bnu_A-B_tcr.pdb,alpha_chain,2,0.2937848747151869
2bnr_D-E-C-A-B_tcr_pmhc,2bnr_D-E-C-A-B_tcr_pmhc.pdb,2bnu_A-B_tcr.pdb,alpha_chain,3,1.457972393797205
2bnr_D-E-C-A-B_tcr_pmhc,2bnr_D-E-C-A-B_tcr_pmhc.pdb,2bnu_A-B_tcr.pdb,beta_chain,1,0.08964278651174588
2bnr_D-E-C-A-B_tcr_pmhc,2bnr_D-E-C-A-B_tcr_pmhc.pdb,2bnu_A-B_tcr.pdb,beta_chain,2,0.3331352954703131
2bnr_D-E-C-A-B_tcr_pmhc,2bnr_D-E-C-A-B_tcr_pmhc.pdb,2bnu_A-B_tcr.pdb,beta_chain,3,0.6296303546404742
6eqb_D-E-C-A-B_tcr_pmhc,4jfh_D-E_tcr.pdb,6eqb_D-E-C-A-B_tcr_pmhc.pdb,alpha_chain,1,0.37659826281239744
6eqb_D-E-C-A-B_tcr_pmhc,4jfh_D-E_tcr.pdb,6eqb_D-E-C-A-B_tcr_pmhc.pdb,alpha_chain,2,0.28172593516221717
6eqb_D-E-C-A-B_tcr_pmhc,4jfh_D-E_tcr.pdb,6eqb_D-E-C-A-B_tcr_pmhc.pdb,alpha_chain,3,0.8802132875974352
6eqb_D-E-C-A-B_tcr_pmhc,4jfh_D-E_tcr.pdb,6eqb_D-E-C-A-B_tcr_pmhc.pdb,beta_chain,1,0.2579965297315105
6eqb_D-E-C-A-B_tcr_pmhc,4jfh_D-E_tcr.pdb,6eqb_D-E-C-A-B_tcr_pmhc.pdb,beta_chain,2,0.7107083682214177
6eqb_D-E-C-A-B_tcr_pmhc,4jfh_D-E_tcr.pdb,6eqb_D-E-C-A-B_tcr_pmhc.pdb,beta_chain,3,2.099018398284915
4jfe_D-E-C-A-B_tcr_pmhc,4jfe_D-E-C-A-B_tcr_pmhc.pdb,4jfh_D-E_tcr.pdb,alpha_chain,1,0.4123663620773914
4jfe_D-E-C-A-B_tcr_pmhc,4jfe_D-E-C-A-B_tcr_pmhc.pdb,4jfh_D-E_tcr.pdb,alpha_chain,2,0.23066138969193437
4jfe_D-E-C-A-B_tcr_pmhc,4jfe_D-E-C-A-B_tcr_pmhc.pdb,4jfh_D-E_tcr.pdb,alpha_chain,3,0.8885885741189941
4jfe_D-E-C-A-B_tcr_pmhc,4jfe_D-E-C-A-B_tcr_pmhc.pdb,4jfh_D-E_tcr.pdb,beta_chain,1,0.1453403154628696
4jfe_D-E-C-A-B_tcr_pmhc,4jfe_D-E-C-A-B_tcr_pmhc.pdb,4jfh_D-E_tcr.pdb,beta_chain,2,0.7481244655956563
4jfe_D-E-C-A-B_tcr_pmhc,4jfe_D-E-C-A-B_tcr_pmhc.pdb,4jfh_D-E_tcr.pdb,beta_chain,3,2.057742994507769
2f54_D-E-C-A-B_tcr_pmhc,2bnu_A-B_tcr.pdb,2f54_D-E-C-A-B_tcr_pmhc.pdb,alpha_chain,1,0.1360835787624474
2f54_D-E-C-A-B_tcr_pmhc,2bnu_A-B_tcr.pdb,2f54_D-E-C-A-B_tcr_pmhc.pdb,alpha_chain,2,0.8047126013064022
2f54_D-E-C-A-B_tcr_pmhc,2bnu_A-B_tcr.pdb,2f54_D-E-C-A-B_tcr_pmhc.pdb,alpha_chain,3,1.527490003658522
2f54_D-E-C-A-B_tcr_pmhc,2bnu_A-B_tcr.pdb,2f54_D-E-C-A-B_tcr_pmhc.pdb,beta_chain,1,0.11724197397674926
2f54_D-E-C-A-B_tcr_pmhc,2bnu_A-B_tcr.pdb,2f54_D-E-C-A-B_tcr_pmhc.pdb,beta_chain,2,0.31263889894108
2f54_D-E-C-A-B_tcr_pmhc,2bnu_A-B_tcr.pdb,2f54_D-E-C-A-B_tcr_pmhc.pdb,beta_chain,3,0.5861626818145534
4qrp_D-E-C-A-B_tcr_pmhc,4qrp_D-E-C-A-B_tcr_pmhc.pdb,4qrp_K-L_tcr.pdb,alpha_chain,1,0.7739213435256026
4qrp_D-E-C-A-B_tcr_pmhc,4qrp_D-E-C-A-B_tcr_pmhc.pdb,4qrp_K-L_tcr.pdb,alpha_chain,2,0.43877041342666045
4qrp_D-E-C-A-B_tcr_pmhc,4qrp_D-E-C-A-B_tcr_pmhc.pdb,4qrp_K-L_tcr.pdb,alpha_chain,3,1.2356488768409233
4qrp_D-E-C-A-B_tcr_pmhc,4qrp_D-E-C-A-B_tcr_pmhc.pdb,4qrp_K-L_tcr.pdb,beta_chain,1,0.23362261035841356
4qrp_D-E-C-A-B_tcr_pmhc,4qrp_D-E-C-A-B_tcr_pmhc.pdb,4qrp_K-L_tcr.pdb,beta_chain,2,0.777213338470621
4qrp_D-E-C-A-B_tcr_pmhc,4qrp_D-E-C-A-B_tcr_pmhc.pdb,4qrp_K-L_tcr.pdb,beta_chain,3,0.5883510502008018
2ckb_A-B-P-H-L_tcr_pmhc,1tcr_A-B_tcr.pdb,2ckb_A-B-P-H-L_tcr_pmhc.pdb,alpha_chain,1,0.8393481329944158
2ckb_A-B-P-H-L_tcr_pmhc,1tcr_A-B_tcr.pdb,2ckb_A-B-P-H-L_tcr_pmhc.pdb,alpha_chain,2,0.47756256608878145
2ckb_A-B-P-H-L_tcr_pmhc,1tcr_A-B_tcr.pdb,2ckb_A-B-P-H-L_tcr_pmhc.pdb,alpha_chain,3,1.9839592640565191
2ckb_A-B-P-H-L_tcr_pmhc,1tcr_A-B_tcr.pdb,2ckb_A-B-P-H-L_tcr_pmhc.pdb,beta_chain,1,0.3672495477355743
2ckb_A-B-P-H-L_tcr_pmhc,1tcr_A-B_tcr.pdb,2ckb_A-B-P-H-L_tcr_pmhc.pdb,beta_chain,2,0.6125782954915832
2ckb_A-B-P-H-L_tcr_pmhc,1tcr_A-B_tcr.pdb,2ckb_A-B-P-H-L_tcr_pmhc.pdb,beta_chain,3,0.7131648656168047
5c0c_I-J-C-A-B_tcr_pmhc,3utp_D-E_tcr.pdb,3utp_K-L_tcr.pdb,alpha_chain,1,0.2766791888901002
5c0c_I-J-C-A-B_tcr_pmhc,3utp_D-E_tcr.pdb,3utp_K-L_tcr.pdb,alpha_chain,2,0.3466866295301347
5c0c_I-J-C-A-B_tcr_pmhc,3utp_D-E_tcr.pdb,3utp_K-L_tcr.pdb,alpha_chain,3,0.48454032719563944
5c0c_I-J-C-A-B_tcr_pmhc,3utp_D-E_tcr.pdb,3utp_K-L_tcr.pdb,beta_chain,1,0.25365472190463295
5c0c_I-J-C-A-B_tcr_pmhc,3utp_D-E_tcr.pdb,3utp_K-L_tcr.pdb,beta_chain,2,0.1766447513747458
5c0c_I-J-C-A-B_tcr_pmhc,3utp_D-E_tcr.pdb,3utp_K-L_tcr.pdb,beta_chain,3,0.39346526920921665
5c0c_I-J-C-A-B_tcr_pmhc,3utp_D-E_tcr.pdb,5c0c_I-J-C-A-B_tcr_pmhc.pdb,alpha_chain,1,0.23836646064658476
5c0c_I-J-C-A-B_tcr_pmhc,3utp_D-E_tcr.pdb,5c0c_I-J-C-A-B_tcr_pmhc.pdb,alpha_chain,2,0.9852379084475186
5c0c_I-J-C-A-B_tcr_pmhc,3utp_D-E_tcr.pdb,5c0c_I-J-C-A-B_tcr_pmhc.pdb,alpha_chain,3,0.24986362906477133
5c0c_I-J-C-A-B_tcr_pmhc,3utp_D-E_tcr.pdb,5c0c_I-J-C-A-B_tcr_pmhc.pdb,beta_chain,1,0.22409289204395036
5c0c_I-J-C-A-B_tcr_pmhc,3utp_D-E_tcr.pdb,5c0c_I-J-C-A-B_tcr_pmhc.pdb,beta_chain,2,0.21271554996661013
5c0c_I-J-C-A-B_tcr_pmhc,3utp_D-E_tcr.pdb,5c0c_I-J-C-A-B_tcr_pmhc.pdb,beta_chain,3,0.3300069116513838
5c0c_I-J-C-A-B_tcr_pmhc,3utp_K-L_tcr.pdb,5c0c_I-J-C-A-B_tcr_pmhc.pdb,alpha_chain,1,0.17181730769004827
5c0c_I-J-C-A-B_tcr_pmhc,3utp_K-L_tcr.pdb,5c0c_I-J-C-A-B_tcr_pmhc.pdb,alpha_chain,2,0.9068642036791942
5c0c_I-J-C-A-B_tcr_pmhc,3utp_K-L_tcr.pdb,5c0c_I-J-C-A-B_tcr_pmhc.pdb,alpha_chain,3,0.4943410172549501
5c0c_I-J-C-A-B_tcr_pmhc,3utp_K-L_tcr.pdb,5c0c_I-J-C-A-B_tcr_pmhc.pdb,beta_chain,1,0.23933506174434757
5c0c_I-J-C-A-B_tcr_pmhc,3utp_K-L_tcr.pdb,5c0c_I-J-C-A-B_tcr_pmhc.pdb,beta_chain,2,0.15722652019632172
5c0c_I-J-C-A-B_tcr_pmhc,3utp_K-L_tcr.pdb,5c0c_I-J-C-A-B_tcr_pmhc.pdb,beta_chain,3,0.2937171345224529
3d39_D-E-C-A-B_tcr_pmhc,3d39_D-E-C-A-B_tcr_pmhc.pdb,3qh3_A-B_tcr.pdb,alpha_chain,1,0.2722097865791349
3d39_D-E-C-A-B_tcr_pmhc,3d39_D-E-C-A-B_tcr_pmhc.pdb,3qh3_A-B_tcr.pdb,alpha_chain,2,0.2559961225313799
3d39_D-E-C-A-B_tcr_pmhc,3d39_D-E-C-A-B_tcr_pmhc.pdb,3qh3_A-B_tcr.pdb,alpha_chain,3,1.9812098093346617
3d39_D-E-C-A-B_tcr_pmhc,3d39_D-E-C-A-B_tcr_pmhc.pdb,3qh3_A-B_tcr.pdb,beta_chain,1,0.2587195141783579
3d39_D-E-C-A-B_tcr_pmhc,3d39_D-E-C-A-B_tcr_pmhc.pdb,3qh3_A-B_tcr.pdb,beta_chain,2,0.31263894734117564
3d39_D-E-C-A-B_tcr_pmhc,3d39_D-E-C-A-B_tcr_pmhc.pdb,3qh3_A-B_tcr.pdb,beta_chain,3,1.0768912639024653
3d39_D-E-C-A-B_tcr_pmhc,3d39_D-E-C-A-B_tcr_pmhc.pdb,7amp_A-B_tcr.pdb,alpha_chain,1,0.41593157135965203
3d39_D-E-C-A-B_tcr_pmhc,3d39_D-E-C-A-B_tcr_pmhc.pdb,7amp_A-B_tcr.pdb,alpha_chain,2,0.3792036607361228
3d39_D-E-C-A-B_tcr_pmhc,3d39_D-E-C-A-B_tcr_pmhc.pdb,7amp_A-B_tcr.pdb,alpha_chain,3,0.6395347803620923
3d39_D-E-C-A-B_tcr_pmhc,3d39_D-E-C-A-B_tcr_pmhc.pdb,7amp_A-B_tcr.pdb,beta_chain,1,0.8435400376200727
3d39_D-E-C-A-B_tcr_pmhc,3d39_D-E-C-A-B_tcr_pmhc.pdb,7amp_A-B_tcr.pdb,beta_chain,2,0.313962652278183
3d39_D-E-C-A-B_tcr_pmhc,3d39_D-E-C-A-B_tcr_pmhc.pdb,7amp_A-B_tcr.pdb,beta_chain,3,2.0157092552687192
3d39_D-E-C-A-B_tcr_pmhc,3qh3_A-B_tcr.pdb,7amp_A-B_tcr.pdb,alpha_chain,1,0.4489369933466823
3d39_D-E-C-A-B_tcr_pmhc,3qh3_A-B_tcr.pdb,7amp_A-B_tcr.pdb,alpha_chain,2,0.2609658000437775
3d39_D-E-C-A-B_tcr_pmhc,3qh3_A-B_tcr.pdb,7amp_A-B_tcr.pdb,alpha_chain,3,1.8316273232995628
3d39_D-E-C-A-B_tcr_pmhc,3qh3_A-B_tcr.pdb,7amp_A-B_tcr.pdb,beta_chain,1,0.8473866065448943
3d39_D-E-C-A-B_tcr_pmhc,3qh3_A-B_tcr.pdb,7amp_A-B_tcr.pdb,beta_chain,2,0.23964764488596785
3d39_D-E-C-A-B_tcr_pmhc,3qh3_A-B_tcr.pdb,7amp_A-B_tcr.pdb,beta_chain,3,1.8865975365719316
5nmg_D-E-C-A-B_tcr_pmhc,5nmd_A-B_tcr.pdb,5nmd_C-D_tcr.pdb,alpha_chain,1,0.07208147532093193
5nmg_D-E-C-A-B_tcr_pmhc,5nmd_A-B_tcr.pdb,5nmd_C-D_tcr.pdb,alpha_chain,2,0.06513935226372627
5nmg_D-E-C-A-B_tcr_pmhc,5nmd_A-B_tcr.pdb,5nmd_C-D_tcr.pdb,alpha_chain,3,1.6384216417489563
5nmg_D-E-C-A-B_tcr_pmhc,5nmd_A-B_tcr.pdb,5nmd_C-D_tcr.pdb,beta_chain,1,0.07099287139949263
5nmg_D-E-C-A-B_tcr_pmhc,5nmd_A-B_tcr.pdb,5nmd_C-D_tcr.pdb,beta_chain,2,0.10171957565981857
5nmg_D-E-C-A-B_tcr_pmhc,5nmd_A-B_tcr.pdb,5nmd_C-D_tcr.pdb,beta_chain,3,1.048382808138831
5nmg_D-E-C-A-B_tcr_pmhc,5nmd_A-B_tcr.pdb,5nmg_D-E-C-A-B_tcr_pmhc.pdb,alpha_chain,1,0.3869996360371643
5nmg_D-E-C-A-B_tcr_pmhc,5nmd_A-B_tcr.pdb,5nmg_D-E-C-A-B_tcr_pmhc.pdb,alpha_chain,2,0.3249357815021541
5nmg_D-E-C-A-B_tcr_pmhc,5nmd_A-B_tcr.pdb,5nmg_D-E-C-A-B_tcr_pmhc.pdb,alpha_chain,3,1.6573732574898168
5nmg_D-E-C-A-B_tcr_pmhc,5nmd_A-B_tcr.pdb,5nmg_D-E-C-A-B_tcr_pmhc.pdb,beta_chain,1,0.7536883941338718
5nmg_D-E-C-A-B_tcr_pmhc,5nmd_A-B_tcr.pdb,5nmg_D-E-C-A-B_tcr_pmhc.pdb,beta_chain,2,0.22112586067027523
5nmg_D-E-C-A-B_tcr_pmhc,5nmd_A-B_tcr.pdb,5nmg_D-E-C-A-B_tcr_pmhc.pdb,beta_chain,3,1.1411035295458756
5nmg_D-E-C-A-B_tcr_pmhc,5nmd_C-D_tcr.pdb,5nmg_D-E-C-A-B_tcr_pmhc.pdb,alpha_chain,1,0.34555989880659543
5nmg_D-E-C-A-B_tcr_pmhc,5nmd_C-D_tcr.pdb,5nmg_D-E-C-A-B_tcr_pmhc.pdb,alpha_chain,2,0.30234984875819054
5nmg_D-E-C-A-B_tcr_pmhc,5nmd_C-D_tcr.pdb,5nmg_D-E-C-A-B_tcr_pmhc.pdb,alpha_chain,3,0.44858093647684344
5nmg_D-E-C-A-B_tcr_pmhc,5nmd_C-D_tcr.pdb,5nmg_D-E-C-A-B_tcr_pmhc.pdb,beta_chain,1,0.759350286463099
5nmg_D-E-C-A-B_tcr_pmhc,5nmd_C-D_tcr.pdb,5nmg_D-E-C-A-B_tcr_pmhc.pdb,beta_chain,2,0.14255352059111265
5nmg_D-E-C-A-B_tcr_pmhc,5nmd_C-D_tcr.pdb,5nmg_D-E-C-A-B_tcr_pmhc.pdb,beta_chain,3,0.6951391873588222
3vxr_D-E-C-A-B_tcr_pmhc,3vxq_A-B_tcr.pdb,3vxq_D-E_tcr.pdb,alpha_chain,1,0.18118040982381406
3vxr_D-E-C-A-B_tcr_pmhc,3vxq_A-B_tcr.pdb,3vxq_D-E_tcr.pdb,alpha_chain,2,0.1737806954714592
3vxr_D-E-C-A-B_tcr_pmhc,3vxq_A-B_tcr.pdb,3vxq_D-E_tcr.pdb,alpha_chain,3,0.6463328999380875
3vxr_D-E-C-A-B_tcr_pmhc,3vxq_A-B_tcr.pdb,3vxq_D-E_tcr.pdb,beta_chain,1,0.25492409393952364
3vxr_D-E-C-A-B_tcr_pmhc,3vxq_A-B_tcr.pdb,3vxq_D-E_tcr.pdb,beta_chain,2,0.20081041426068202
3vxr_D-E-C-A-B_tcr_pmhc,3vxq_A-B_tcr.pdb,3vxq_D-E_tcr.pdb,beta_chain,3,0.24309609138471758
3vxr_D-E-C-A-B_tcr_pmhc,3vxq_A-B_tcr.pdb,3vxr_D-E-C-A-B_tcr_pmhc.pdb,alpha_chain,1,0.22916520428345993
3vxr_D-E-C-A-B_tcr_pmhc,3vxq_A-B_tcr.pdb,3vxr_D-E-C-A-B_tcr_pmhc.pdb,alpha_chain,2,0.2420335351690239
3vxr_D-E-C-A-B_tcr_pmhc,3vxq_A-B_tcr.pdb,3vxr_D-E-C-A-B_tcr_pmhc.pdb,alpha_chain,3,0.31038289979161204
3vxr_D-E-C-A-B_tcr_pmhc,3vxq_A-B_tcr.pdb,3vxr_D-E-C-A-B_tcr_pmhc.pdb,beta_chain,1,0.33575796924384665
3vxr_D-E-C-A-B_tcr_pmhc,3vxq_A-B_tcr.pdb,3vxr_D-E-C-A-B_tcr_pmhc.pdb,beta_chain,2,0.24582262835677116
3vxr_D-E-C-A-B_tcr_pmhc,3vxq_A-B_tcr.pdb,3vxr_D-E-C-A-B_tcr_pmhc.pdb,beta_chain,3,0.6718174673365186
3vxr_D-E-C-A-B_tcr_pmhc,3vxq_D-E_tcr.pdb,3vxr_D-E-C-A-B_tcr_pmhc.pdb,alpha_chain,1,0.19445495846392982
3vxr_D-E-C-A-B_tcr_pmhc,3vxq_D-E_tcr.pdb,3vxr_D-E-C-A-B_tcr_pmhc.pdb,alpha_chain,2,0.24718717168083001
3vxr_D-E-C-A-B_tcr_pmhc,3vxq_D-E_tcr.pdb,3vxr_D-E-C-A-B_tcr_pmhc.pdb,alpha_chain,3,0.629866795366002
3vxr_D-E-C-A-B_tcr_pmhc,3vxq_D-E_tcr.pdb,3vxr_D-E-C-A-B_tcr_pmhc.pdb,beta_chain,1,0.2663456329453318
3vxr_D-E-C-A-B_tcr_pmhc,3vxq_D-E_tcr.pdb,3vxr_D-E-C-A-B_tcr_pmhc.pdb,beta_chain,2,0.20820643626827853
3vxr_D-E-C-A-B_tcr_pmhc,3vxq_D-E_tcr.pdb,3vxr_D-E-C-A-B_tcr_pmhc.pdb,beta_chain,3,0.7093140138915688
1qrn_D-E-C-A-B_tcr_pmhc,1qrn_D-E-C-A-B_tcr_pmhc.pdb,3qh3_A-B_tcr.pdb,alpha_chain,1,0.2889801773620782
1qrn_D-E-C-A-B_tcr_pmhc,1qrn_D-E-C-A-B_tcr_pmhc.pdb,3qh3_A-B_tcr.pdb,alpha_chain,2,0.4483571283677817
1qrn_D-E-C-A-B_tcr_pmhc,1qrn_D-E-C-A-B_tcr_pmhc.pdb,3qh3_A-B_tcr.pdb,alpha_chain,3,1.915422278990091
1qrn_D-E-C-A-B_tcr_pmhc,1qrn_D-E-C-A-B_tcr_pmhc.pdb,3qh3_A-B_tcr.pdb,beta_chain,1,0.39398438374107914
1qrn_D-E-C-A-B_tcr_pmhc,1qrn_D-E-C-A-B_tcr_pmhc.pdb,3qh3_A-B_tcr.pdb,beta_chain,2,0.24366129691240673
1qrn_D-E-C-A-B_tcr_pmhc,1qrn_D-E-C-A-B_tcr_pmhc.pdb,3qh3_A-B_tcr.pdb,beta_chain,3,1.221699313406428
1qrn_D-E-C-A-B_tcr_pmhc,1qrn_D-E-C-A-B_tcr_pmhc.pdb,7amp_A-B_tcr.pdb,alpha_chain,1,0.42298227321549475
1qrn_D-E-C-A-B_tcr_pmhc,1qrn_D-E-C-A-B_tcr_pmhc.pdb,7amp_A-B_tcr.pdb,alpha_chain,2,0.48826076565753246
1qrn_D-E-C-A-B_tcr_pmhc,1qrn_D-E-C-A-B_tcr_pmhc.pdb,7amp_A-B_tcr.pdb,alpha_chain,3,0.48523291757163
1qrn_D-E-C-A-B_tcr_pmhc,1qrn_D-E-C-A-B_tcr_pmhc.pdb,7amp_A-B_tcr.pdb,beta_chain,1,0.8365048571115966
1qrn_D-E-C-A-B_tcr_pmhc,1qrn_D-E-C-A-B_tcr_pmhc.pdb,7amp_A-B_tcr.pdb,beta_chain,2,0.2575891059551407
1qrn_D-E-C-A-B_tcr_pmhc,1qrn_D-E-C-A-B_tcr_pmhc.pdb,7amp_A-B_tcr.pdb,beta_chain,3,1.8945193800804225
1qrn_D-E-C-A-B_tcr_pmhc,3qh3_A-B_tcr.pdb,7amp_A-B_tcr.pdb,alpha_chain,1,0.4488889202455693
1qrn_D-E-C-A-B_tcr_pmhc,3qh3_A-B_tcr.pdb,7amp_A-B_tcr.pdb,alpha_chain,2,0.26098964605830455
1qrn_D-E-C-A-B_tcr_pmhc,3qh3_A-B_tcr.pdb,7amp_A-B_tcr.pdb,alpha_chain,3,1.831631642003431
1qrn_D-E-C-A-B_tcr_pmhc,3qh3_A-B_tcr.pdb,7amp_A-B_tcr.pdb,beta_chain,1,0.8472843283684146
1qrn_D-E-C-A-B_tcr_pmhc,3qh3_A-B_tcr.pdb,7amp_A-B_tcr.pdb,beta_chain,2,0.23965783320751996
1qrn_D-E-C-A-B_tcr_pmhc,3qh3_A-B_tcr.pdb,7amp_A-B_tcr.pdb,beta_chain,3,1.8866255236248275
6q3s_D-E-C-A-B_tcr_pmhc,2bnu_A-B_tcr.pdb,6q3s_D-E-C-A-B_tcr_pmhc.pdb,alpha_chain,1,0.23359140957411548
6q3s_D-E-C-A-B_tcr_pmhc,2bnu_A-B_tcr.pdb,6q3s_D-E-C-A-B_tcr_pmhc.pdb,alpha_chain,2,0.3327541140386877
6q3s_D-E-C-A-B_tcr_pmhc,2bnu_A-B_tcr.pdb,6q3s_D-E-C-A-B_tcr_pmhc.pdb,alpha_chain,3,1.5615260672852487
6q3s_D-E-C-A-B_tcr_pmhc,2bnu_A-B_tcr.pdb,6q3s_D-E-C-A-B_tcr_pmhc.pdb,beta_chain,1,0.21555722192459273
6q3s_D-E-C-A-B_tcr_pmhc,2bnu_A-B_tcr.pdb,6q3s_D-E-C-A-B_tcr_pmhc.pdb,beta_chain,2,0.8088562865431638
6q3s_D-E-C-A-B_tcr_pmhc,2bnu_A-B_tcr.pdb,6q3s_D-E-C-A-B_tcr_pmhc.pdb,beta_chain,3,0.6512038432005101
2pye_D-E-C-A-B_tcr_pmhc,2pye_D-E-C-A-B_tcr_pmhc.pdb,2pyf_A-B_tcr.pdb,alpha_chain,1,0.24128100965480098
2pye_D-E-C-A-B_tcr_pmhc,2pye_D-E-C-A-B_tcr_pmhc.pdb,2pyf_A-B_tcr.pdb,alpha_chain,2,0.9742876406300052
2pye_D-E-C-A-B_tcr_pmhc,2pye_D-E-C-A-B_tcr_pmhc.pdb,2pyf_A-B_tcr.pdb,alpha_chain,3,1.2932799507861465
2pye_D-E-C-A-B_tcr_pmhc,2pye_D-E-C-A-B_tcr_pmhc.pdb,2pyf_A-B_tcr.pdb,beta_chain,1,0.14900929098825863
2pye_D-E-C-A-B_tcr_pmhc,2pye_D-E-C-A-B_tcr_pmhc.pdb,2pyf_A-B_tcr.pdb,beta_chain,2,0.24869813896247048
2pye_D-E-C-A-B_tcr_pmhc,2pye_D-E-C-A-B_tcr_pmhc.pdb,2pyf_A-B_tcr.pdb,beta_chain,3,1.3999525495665273
5ivx_E-F-P-A-B_tcr_pmhc,5ivx_E-F-P-A-B_tcr_pmhc.pdb,5iw1_A-B_tcr.pdb,alpha_chain,1,0.24382983711711917
5ivx_E-F-P-A-B_tcr_pmhc,5ivx_E-F-P-A-B_tcr_pmhc.pdb,5iw1_A-B_tcr.pdb,alpha_chain,2,0.2799220157579145
5ivx_E-F-P-A-B_tcr_pmhc,5ivx_E-F-P-A-B_tcr_pmhc.pdb,5iw1_A-B_tcr.pdb,alpha_chain,3,2.536266996358683
5ivx_E-F-P-A-B_tcr_pmhc,5ivx_E-F-P-A-B_tcr_pmhc.pdb,5iw1_A-B_tcr.pdb,beta_chain,1,0.5086877533134089
5ivx_E-F-P-A-B_tcr_pmhc,5ivx_E-F-P-A-B_tcr_pmhc.pdb,5iw1_A-B_tcr.pdb,beta_chain,2,0.1464478183534299
5ivx_E-F-P-A-B_tcr_pmhc,5ivx_E-F-P-A-B_tcr_pmhc.pdb,5iw1_A-B_tcr.pdb,beta_chain,3,1.218943682222634
5ivx_E-F-P-A-B_tcr_pmhc,5ivx_E-F-P-A-B_tcr_pmhc.pdb,5iw1_C-D_tcr.pdb,alpha_chain,1,0.29538992208488896
5ivx_E-F-P-A-B_tcr_pmhc,5ivx_E-F-P-A-B_tcr_pmhc.pdb,5iw1_C-D_tcr.pdb,alpha_chain,2,0.2711190536878878
5ivx_E-F-P-A-B_tcr_pmhc,5ivx_E-F-P-A-B_tcr_pmhc.pdb,5iw1_C-D_tcr.pdb,alpha_chain,3,2.4465104465275713
5ivx_E-F-P-A-B_tcr_pmhc,5ivx_E-F-P-A-B_tcr_pmhc.pdb,5iw1_C-D_tcr.pdb,beta_chain,1,0.4881129740720829
5ivx_E-F-P-A-B_tcr_pmhc,5ivx_E-F-P-A-B_tcr_pmhc.pdb,5iw1_C-D_tcr.pdb,beta_chain,2,0.17120421069114763
5ivx_E-F-P-A-B_tcr_pmhc,5ivx_E-F-P-A-B_tcr_pmhc.pdb,5iw1_C-D_tcr.pdb,beta_chain,3,1.234572954457249
5ivx_E-F-P-A-B_tcr_pmhc,5ivx_E-F-P-A-B_tcr_pmhc.pdb,5iw1_E-F_tcr.pdb,alpha_chain,1,0.25408315073142557
5ivx_E-F-P-A-B_tcr_pmhc,5ivx_E-F-P-A-B_tcr_pmhc.pdb,5iw1_E-F_tcr.pdb,alpha_chain,2,0.2549287050229168
5ivx_E-F-P-A-B_tcr_pmhc,5ivx_E-F-P-A-B_tcr_pmhc.pdb,5iw1_E-F_tcr.pdb,alpha_chain,3,2.5035873292885373
5ivx_E-F-P-A-B_tcr_pmhc,5ivx_E-F-P-A-B_tcr_pmhc.pdb,5iw1_E-F_tcr.pdb,beta_chain,1,0.4844447521610007
5ivx_E-F-P-A-B_tcr_pmhc,5ivx_E-F-P-A-B_tcr_pmhc.pdb,5iw1_E-F_tcr.pdb,beta_chain,2,0.16620702890532182
5ivx_E-F-P-A-B_tcr_pmhc,5ivx_E-F-P-A-B_tcr_pmhc.pdb,5iw1_E-F_tcr.pdb,beta_chain,3,1.2078286519097505
5ivx_E-F-P-A-B_tcr_pmhc,5iw1_A-B_tcr.pdb,5iw1_C-D_tcr.pdb,alpha_chain,1,0.11583013995955388
5ivx_E-F-P-A-B_tcr_pmhc,5iw1_A-B_tcr.pdb,5iw1_C-D_tcr.pdb,alpha_chain,2,0.04235216037162702
5ivx_E-F-P-A-B_tcr_pmhc,5iw1_A-B_tcr.pdb,5iw1_C-D_tcr.pdb,alpha_chain,3,0.23674492227898852
5ivx_E-F-P-A-B_tcr_pmhc,5iw1_A-B_tcr.pdb,5iw1_C-D_tcr.pdb,beta_chain,1,0.07638219701792087
5ivx_E-F-P-A-B_tcr_pmhc,5iw1_A-B_tcr.pdb,5iw1_C-D_tcr.pdb,beta_chain,2,0.044151195050472096
5ivx_E-F-P-A-B_tcr_pmhc,5iw1_A-B_tcr.pdb,5iw1_C-D_tcr.pdb,beta_chain,3,0.13372808914164547
5ivx_E-F-P-A-B_tcr_pmhc,5iw1_A-B_tcr.pdb,5iw1_E-F_tcr.pdb,alpha_chain,1,0.08558805915260456
5ivx_E-F-P-A-B_tcr_pmhc,5iw1_A-B_tcr.pdb,5iw1_E-F_tcr.pdb,alpha_chain,2,0.06761217399541944
5ivx_E-F-P-A-B_tcr_pmhc,5iw1_A-B_tcr.pdb,5iw1_E-F_tcr.pdb,alpha_chain,3,0.13650641835130972
5ivx_E-F-P-A-B_tcr_pmhc,5iw1_A-B_tcr.pdb,5iw1_E-F_tcr.pdb,beta_chain,1,0.05597629489034224
5ivx_E-F-P-A-B_tcr_pmhc,5iw1_A-B_tcr.pdb,5iw1_E-F_tcr.pdb,beta_chain,2,0.05883829891378102
5ivx_E-F-P-A-B_tcr_pmhc,5iw1_A-B_tcr.pdb,5iw1_E-F_tcr.pdb,beta_chain,3,0.11546272754396332
5ivx_E-F-P-A-B_tcr_pmhc,5iw1_C-D_tcr.pdb,5iw1_E-F_tcr.pdb,alpha_chain,1,0.08426287194157749
5ivx_E-F-P-A-B_tcr_pmhc,5iw1_C-D_tcr.pdb,5iw1_E-F_tcr.pdb,alpha_chain,2,0.07697134403267555
5ivx_E-F-P-A-B_tcr_pmhc,5iw1_C-D_tcr.pdb,5iw1_E-F_tcr.pdb,alpha_chain,3,0.25999456242253766
5ivx_E-F-P-A-B_tcr_pmhc,5iw1_C-D_tcr.pdb,5iw1_E-F_tcr.pdb,beta_chain,1,0.08319900815666229
5ivx_E-F-P-A-B_tcr_pmhc,5iw1_C-D_tcr.pdb,5iw1_E-F_tcr.pdb,beta_chain,2,0.07662234662306268
5ivx_E-F-P-A-B_tcr_pmhc,5iw1_C-D_tcr.pdb,5iw1_E-F_tcr.pdb,beta_chain,3,0.13000830093858837
1qse_D-E-C-A-B_tcr_pmhc,1qse_D-E-C-A-B_tcr_pmhc.pdb,3qh3_A-B_tcr.pdb,alpha_chain,1,0.27319573083004767
1qse_D-E-C-A-B_tcr_pmhc,1qse_D-E-C-A-B_tcr_pmhc.pdb,3qh3_A-B_tcr.pdb,alpha_chain,2,0.3807504893369435
1qse_D-E-C-A-B_tcr_pmhc,1qse_D-E-C-A-B_tcr_pmhc.pdb,3qh3_A-B_tcr.pdb,alpha_chain,3,1.9904601867278489
1qse_D-E-C-A-B_tcr_pmhc,1qse_D-E-C-A-B_tcr_pmhc.pdb,3qh3_A-B_tcr.pdb,beta_chain,1,0.33614903690095865
1qse_D-E-C-A-B_tcr_pmhc,1qse_D-E-C-A-B_tcr_pmhc.pdb,3qh3_A-B_tcr.pdb,beta_chain,2,0.2904154615575793
1qse_D-E-C-A-B_tcr_pmhc,1qse_D-E-C-A-B_tcr_pmhc.pdb,3qh3_A-B_tcr.pdb,beta_chain,3,1.4638413262298597
1qse_D-E-C-A-B_tcr_pmhc,1qse_D-E-C-A-B_tcr_pmhc.pdb,7amp_A-B_tcr.pdb,alpha_chain,1,0.407316422993624
1qse_D-E-C-A-B_tcr_pmhc,1qse_D-E-C-A-B_tcr_pmhc.pdb,7amp_A-B_tcr.pdb,alpha_chain,2,0.48587004007183554
1qse_D-E-C-A-B_tcr_pmhc,1qse_D-E-C-A-B_tcr_pmhc.pdb,7amp_A-B_tcr.pdb,alpha_chain,3,0.5470163176083203
1qse_D-E-C-A-B_tcr_pmhc,1qse_D-E-C-A-B_tcr_pmhc.pdb,7amp_A-B_tcr.pdb,beta_chain,1,0.8299482319449679
1qse_D-E-C-A-B_tcr_pmhc,1qse_D-E-C-A-B_tcr_pmhc.pdb,7amp_A-B_tcr.pdb,beta_chain,2,0.3513392870625616
1qse_D-E-C-A-B_tcr_pmhc,1qse_D-E-C-A-B_tcr_pmhc.pdb,7amp_A-B_tcr.pdb,beta_chain,3,2.0571385242222195
1qse_D-E-C-A-B_tcr_pmhc,3qh3_A-B_tcr.pdb,7amp_A-B_tcr.pdb,alpha_chain,1,0.44886411541329146
1qse_D-E-C-A-B_tcr_pmhc,3qh3_A-B_tcr.pdb,7amp_A-B_tcr.pdb,alpha_chain,2,0.2608469505058921
1qse_D-E-C-A-B_tcr_pmhc,3qh3_A-B_tcr.pdb,7amp_A-B_tcr.pdb,alpha_chain,3,1.8316292135769805
1qse_D-E-C-A-B_tcr_pmhc,3qh3_A-B_tcr.pdb,7amp_A-B_tcr.pdb,beta_chain,1,0.8473638821465834
1qse_D-E-C-A-B_tcr_pmhc,3qh3_A-B_tcr.pdb,7amp_A-B_tcr.pdb,beta_chain,2,0.23956982715304048
1qse_D-E-C-A-B_tcr_pmhc,3qh3_A-B_tcr.pdb,7amp_A-B_tcr.pdb,beta_chain,3,1.8866272235526336
1mwa_A-B-P-H-L_tcr_pmhc,1mwa_A-B-P-H-L_tcr_pmhc.pdb,1tcr_A-B_tcr.pdb,alpha_chain,1,0.941743077817123
1mwa_A-B-P-H-L_tcr_pmhc,1mwa_A-B-P-H-L_tcr_pmhc.pdb,1tcr_A-B_tcr.pdb,alpha_chain,2,0.3683450422781017
1mwa_A-B-P-H-L_tcr_pmhc,1mwa_A-B-P-H-L_tcr_pmhc.pdb,1tcr_A-B_tcr.pdb,alpha_chain,3,1.7872410946229011
1mwa_A-B-P-H-L_tcr_pmhc,1mwa_A-B-P-H-L_tcr_pmhc.pdb,1tcr_A-B_tcr.pdb,beta_chain,1,0.32106759266463136
1mwa_A-B-P-H-L_tcr_pmhc,1mwa_A-B-P-H-L_tcr_pmhc.pdb,1tcr_A-B_tcr.pdb,beta_chain,2,0.49021007060264626
1mwa_A-B-P-H-L_tcr_pmhc,1mwa_A-B-P-H-L_tcr_pmhc.pdb,1tcr_A-B_tcr.pdb,beta_chain,3,0.2874426452875936
5nmf_D-E-C-A-B_tcr_pmhc,5nmd_A-B_tcr.pdb,5nmd_C-D_tcr.pdb,alpha_chain,1,0.07199493022736721
5nmf_D-E-C-A-B_tcr_pmhc,5nmd_A-B_tcr.pdb,5nmd_C-D_tcr.pdb,alpha_chain,2,0.06526347337792132
5nmf_D-E-C-A-B_tcr_pmhc,5nmd_A-B_tcr.pdb,5nmd_C-D_tcr.pdb,alpha_chain,3,1.638416769134456
5nmf_D-E-C-A-B_tcr_pmhc,5nmd_A-B_tcr.pdb,5nmd_C-D_tcr.pdb,beta_chain,1,0.0707652786203176
5nmf_D-E-C-A-B_tcr_pmhc,5nmd_A-B_tcr.pdb,5nmd_C-D_tcr.pdb,beta_chain,2,0.10158060881836406
5nmf_D-E-C-A-B_tcr_pmhc,5nmd_A-B_tcr.pdb,5nmd_C-D_tcr.pdb,beta_chain,3,1.0482216564165538
5nmf_D-E-C-A-B_tcr_pmhc,5nmd_A-B_tcr.pdb,5nmf_D-E-C-A-B_tcr_pmhc.pdb,alpha_chain,1,0.39198232936009947
5nmf_D-E-C-A-B_tcr_pmhc,5nmd_A-B_tcr.pdb,5nmf_D-E-C-A-B_tcr_pmhc.pdb,alpha_chain,2,0.2517950715654883
5nmf_D-E-C-A-B_tcr_pmhc,5nmd_A-B_tcr.pdb,5nmf_D-E-C-A-B_tcr_pmhc.pdb,alpha_chain,3,1.669028164642947
5nmf_D-E-C-A-B_tcr_pmhc,5nmd_A-B_tcr.pdb,5nmf_D-E-C-A-B_tcr_pmhc.pdb,beta_chain,1,0.1470024640734351
5nmf_D-E-C-A-B_tcr_pmhc,5nmd_A-B_tcr.pdb,5nmf_D-E-C-A-B_tcr_pmhc.pdb,beta_chain,2,0.15241726221566249
5nmf_D-E-C-A-B_tcr_pmhc,5nmd_A-B_tcr.pdb,5nmf_D-E-C-A-B_tcr_pmhc.pdb,beta_chain,3,1.1168282931603912
5nmf_D-E-C-A-B_tcr_pmhc,5nmd_C-D_tcr.pdb,5nmf_D-E-C-A-B_tcr_pmhc.pdb,alpha_chain,1,0.3497406718006464
5nmf_D-E-C-A-B_tcr_pmhc,5nmd_C-D_tcr.pdb,5nmf_D-E-C-A-B_tcr_pmhc.pdb,alpha_chain,2,0.24119313379009077
5nmf_D-E-C-A-B_tcr_pmhc,5nmd_C-D_tcr.pdb,5nmf_D-E-C-A-B_tcr_pmhc.pdb,alpha_chain,3,0.3975746363490978
5nmf_D-E-C-A-B_tcr_pmhc,5nmd_C-D_tcr.pdb,5nmf_D-E-C-A-B_tcr_pmhc.pdb,beta_chain,1,0.18286252088792412
5nmf_D-E-C-A-B_tcr_pmhc,5nmd_C-D_tcr.pdb,5nmf_D-E-C-A-B_tcr_pmhc.pdb,beta_chain,2,0.15235453813778213
5nmf_D-E-C-A-B_tcr_pmhc,5nmd_C-D_tcr.pdb,5nmf_D-E-C-A-B_tcr_pmhc.pdb,beta_chain,3,0.7311784591330559
3vxu_D-E-C-A-B_tcr_pmhc,3vxt_A-B_tcr.pdb,3vxt_C-D_tcr.pdb,alpha_chain,1,0.08207540350216154
3vxu_D-E-C-A-B_tcr_pmhc,3vxt_A-B_tcr.pdb,3vxt_C-D_tcr.pdb,alpha_chain,2,0.09273221812721151
3vxu_D-E-C-A-B_tcr_pmhc,3vxt_A-B_tcr.pdb,3vxt_C-D_tcr.pdb,alpha_chain,3,0.17944072776493883
3vxu_D-E-C-A-B_tcr_pmhc,3vxt_A-B_tcr.pdb,3vxt_C-D_tcr.pdb,beta_chain,1,0.0916628853860402
3vxu_D-E-C-A-B_tcr_pmhc,3vxt_A-B_tcr.pdb,3vxt_C-D_tcr.pdb,beta_chain,2,0.1980408332103317
3vxu_D-E-C-A-B_tcr_pmhc,3vxt_A-B_tcr.pdb,3vxt_C-D_tcr.pdb,beta_chain,3,0.9287199354535279
3vxu_D-E-C-A-B_tcr_pmhc,3vxt_A-B_tcr.pdb,3vxu_D-E-C-A-B_tcr_pmhc.pdb,alpha_chain,1,0.23676699486821326
3vxu_D-E-C-A-B_tcr_pmhc,3vxt_A-B_tcr.pdb,3vxu_D-E-C-A-B_tcr_pmhc.pdb,alpha_chain,2,0.2014778881237276
3vxu_D-E-C-A-B_tcr_pmhc,3vxt_A-B_tcr.pdb,3vxu_D-E-C-A-B_tcr_pmhc.pdb,alpha_chain,3,1.3621572634539423
3vxu_D-E-C-A-B_tcr_pmhc,3vxt_A-B_tcr.pdb,3vxu_D-E-C-A-B_tcr_pmhc.pdb,beta_chain,1,0.12876633752458683
3vxu_D-E-C-A-B_tcr_pmhc,3vxt_A-B_tcr.pdb,3vxu_D-E-C-A-B_tcr_pmhc.pdb,beta_chain,2,0.19456236428167686
3vxu_D-E-C-A-B_tcr_pmhc,3vxt_A-B_tcr.pdb,3vxu_D-E-C-A-B_tcr_pmhc.pdb,beta_chain,3,0.9677918493158009
3vxu_D-E-C-A-B_tcr_pmhc,3vxt_C-D_tcr.pdb,3vxu_D-E-C-A-B_tcr_pmhc.pdb,alpha_chain,1,0.21837955691017596
3vxu_D-E-C-A-B_tcr_pmhc,3vxt_C-D_tcr.pdb,3vxu_D-E-C-A-B_tcr_pmhc.pdb,alpha_chain,2,0.19208954137751316
3vxu_D-E-C-A-B_tcr_pmhc,3vxt_C-D_tcr.pdb,3vxu_D-E-C-A-B_tcr_pmhc.pdb,alpha_chain,3,1.3445386579599305
3vxu_D-E-C-A-B_tcr_pmhc,3vxt_C-D_tcr.pdb,3vxu_D-E-C-A-B_tcr_pmhc.pdb,beta_chain,1,0.11233482304803427
3vxu_D-E-C-A-B_tcr_pmhc,3vxt_C-D_tcr.pdb,3vxu_D-E-C-A-B_tcr_pmhc.pdb,beta_chain,2,0.13898300838013944
3vxu_D-E-C-A-B_tcr_pmhc,3vxt_C-D_tcr.pdb,3vxu_D-E-C-A-B_tcr_pmhc.pdb,beta_chain,3,0.2553294708687996
6am5_D-E-C-A-B_tcr_pmhc,3qeu_A-B_tcr.pdb,3qeu_D-E_tcr.pdb,alpha_chain,1,0.9362371653170555
6am5_D-E-C-A-B_tcr_pmhc,3qeu_A-B_tcr.pdb,3qeu_D-E_tcr.pdb,alpha_chain,2,0.1197502562600131
6am5_D-E-C-A-B_tcr_pmhc,3qeu_A-B_tcr.pdb,3qeu_D-E_tcr.pdb,alpha_chain,3,1.0550278258437333
6am5_D-E-C-A-B_tcr_pmhc,3qeu_A-B_tcr.pdb,3qeu_D-E_tcr.pdb,beta_chain,1,0.12506336933978915
6am5_D-E-C-A-B_tcr_pmhc,3qeu_A-B_tcr.pdb,3qeu_D-E_tcr.pdb,beta_chain,2,0.2906389826692174
6am5_D-E-C-A-B_tcr_pmhc,3qeu_A-B_tcr.pdb,3qeu_D-E_tcr.pdb,beta_chain,3,0.16467595521188177
6am5_D-E-C-A-B_tcr_pmhc,3qeu_A-B_tcr.pdb,6am5_D-E-C-A-B_tcr_pmhc.pdb,alpha_chain,1,1.298820900286289
6am5_D-E-C-A-B_tcr_pmhc,3qeu_A-B_tcr.pdb,6am5_D-E-C-A-B_tcr_pmhc.pdb,alpha_chain,2,0.22959002622987676
6am5_D-E-C-A-B_tcr_pmhc,3qeu_A-B_tcr.pdb,6am5_D-E-C-A-B_tcr_pmhc.pdb,alpha_chain,3,0.799427379818561
6am5_D-E-C-A-B_tcr_pmhc,3qeu_A-B_tcr.pdb,6am5_D-E-C-A-B_tcr_pmhc.pdb,beta_chain,1,0.11086603210860217
6am5_D-E-C-A-B_tcr_pmhc,3qeu_A-B_tcr.pdb,6am5_D-E-C-A-B_tcr_pmhc.pdb,beta_chain,2,0.23394613919126384
6am5_D-E-C-A-B_tcr_pmhc,3qeu_A-B_tcr.pdb,6am5_D-E-C-A-B_tcr_pmhc.pdb,beta_chain,3,0.2574659898378014
6am5_D-E-C-A-B_tcr_pmhc,3qeu_D-E_tcr.pdb,6am5_D-E-C-A-B_tcr_pmhc.pdb,alpha_chain,1,1.4184474197881844
6am5_D-E-C-A-B_tcr_pmhc,3qeu_D-E_tcr.pdb,6am5_D-E-C-A-B_tcr_pmhc.pdb,alpha_chain,2,0.22774438793374915
6am5_D-E-C-A-B_tcr_pmhc,3qeu_D-E_tcr.pdb,6am5_D-E-C-A-B_tcr_pmhc.pdb,alpha_chain,3,1.3758774404624174
6am5_D-E-C-A-B_tcr_pmhc,3qeu_D-E_tcr.pdb,6am5_D-E-C-A-B_tcr_pmhc.pdb,beta_chain,1,0.10244088161535951
6am5_D-E-C-A-B_tcr_pmhc,3qeu_D-E_tcr.pdb,6am5_D-E-C-A-B_tcr_pmhc.pdb,beta_chain,2,0.28686320647099084
6am5_D-E-C-A-B_tcr_pmhc,3qeu_D-E_tcr.pdb,6am5_D-E-C-A-B_tcr_pmhc.pdb,beta_chain,3,0.1745906294795716
2vlj_D-E-C-A-B_tcr_pmhc,2vlj_D-E-C-A-B_tcr_pmhc.pdb,2vlm_D-E_tcr.pdb,alpha_chain,1,0.3418712022093626
2vlj_D-E-C-A-B_tcr_pmhc,2vlj_D-E-C-A-B_tcr_pmhc.pdb,2vlm_D-E_tcr.pdb,alpha_chain,2,0.223625743395211
2vlj_D-E-C-A-B_tcr_pmhc,2vlj_D-E-C-A-B_tcr_pmhc.pdb,2vlm_D-E_tcr.pdb,alpha_chain,3,1.4030042856041292
2vlj_D-E-C-A-B_tcr_pmhc,2vlj_D-E-C-A-B_tcr_pmhc.pdb,2vlm_D-E_tcr.pdb,beta_chain,1,0.24286930610776658
2vlj_D-E-C-A-B_tcr_pmhc,2vlj_D-E-C-A-B_tcr_pmhc.pdb,2vlm_D-E_tcr.pdb,beta_chain,2,0.3621361152587497
2vlj_D-E-C-A-B_tcr_pmhc,2vlj_D-E-C-A-B_tcr_pmhc.pdb,2vlm_D-E_tcr.pdb,beta_chain,3,1.7627859711315983
3d3v_D-E-C-A-B_tcr_pmhc,3d3v_D-E-C-A-B_tcr_pmhc.pdb,3qh3_A-B_tcr.pdb,alpha_chain,1,0.2918647997326406
3d3v_D-E-C-A-B_tcr_pmhc,3d3v_D-E-C-A-B_tcr_pmhc.pdb,3qh3_A-B_tcr.pdb,alpha_chain,2,0.26949405713597213
3d3v_D-E-C-A-B_tcr_pmhc,3d3v_D-E-C-A-B_tcr_pmhc.pdb,3qh3_A-B_tcr.pdb,alpha_chain,3,1.9487972016001727
3d3v_D-E-C-A-B_tcr_pmhc,3d3v_D-E-C-A-B_tcr_pmhc.pdb,3qh3_A-B_tcr.pdb,beta_chain,1,0.3611595246194092
3d3v_D-E-C-A-B_tcr_pmhc,3d3v_D-E-C-A-B_tcr_pmhc.pdb,3qh3_A-B_tcr.pdb,beta_chain,2,0.3169027944388626
3d3v_D-E-C-A-B_tcr_pmhc,3d3v_D-E-C-A-B_tcr_pmhc.pdb,3qh3_A-B_tcr.pdb,beta_chain,3,1.4389525626533193
3d3v_D-E-C-A-B_tcr_pmhc,3d3v_D-E-C-A-B_tcr_pmhc.pdb,7amp_A-B_tcr.pdb,alpha_chain,1,0.4297088794546722
3d3v_D-E-C-A-B_tcr_pmhc,3d3v_D-E-C-A-B_tcr_pmhc.pdb,7amp_A-B_tcr.pdb,alpha_chain,2,0.37032972638665773
3d3v_D-E-C-A-B_tcr_pmhc,3d3v_D-E-C-A-B_tcr_pmhc.pdb,7amp_A-B_tcr.pdb,alpha_chain,3,0.554146271581933
3d3v_D-E-C-A-B_tcr_pmhc,3d3v_D-E-C-A-B_tcr_pmhc.pdb,7amp_A-B_tcr.pdb,beta_chain,1,0.8198212409624076
3d3v_D-E-C-A-B_tcr_pmhc,3d3v_D-E-C-A-B_tcr_pmhc.pdb,7amp_A-B_tcr.pdb,beta_chain,2,0.30900232246454884
3d3v_D-E-C-A-B_tcr_pmhc,3d3v_D-E-C-A-B_tcr_pmhc.pdb,7amp_A-B_tcr.pdb,beta_chain,3,1.8616538658385944
3d3v_D-E-C-A-B_tcr_pmhc,3qh3_A-B_tcr.pdb,7amp_A-B_tcr.pdb,alpha_chain,1,0.44889239433900446
3d3v_D-E-C-A-B_tcr_pmhc,3qh3_A-B_tcr.pdb,7amp_A-B_tcr.pdb,alpha_chain,2,0.26086264056586367
3d3v_D-E-C-A-B_tcr_pmhc,3qh3_A-B_tcr.pdb,7amp_A-B_tcr.pdb,alpha_chain,3,1.831640126043778
3d3v_D-E-C-A-B_tcr_pmhc,3qh3_A-B_tcr.pdb,7amp_A-B_tcr.pdb,beta_chain,1,0.8474282364040577
3d3v_D-E-C-A-B_tcr_pmhc,3qh3_A-B_tcr.pdb,7amp_A-B_tcr.pdb,beta_chain,2,0.23973414853392372
3d3v_D-E-C-A-B_tcr_pmhc,3qh3_A-B_tcr.pdb,7amp_A-B_tcr.pdb,beta_chain,3,1.8866751856552226
3uts_D-E-C-A-B_tcr_pmhc,3utp_D-E_tcr.pdb,3utp_K-L_tcr.pdb,alpha_chain,1,0.2766955190792485
3uts_D-E-C-A-B_tcr_pmhc,3utp_D-E_tcr.pdb,3utp_K-L_tcr.pdb,alpha_chain,2,0.34667511410275154
3uts_D-E-C-A-B_tcr_pmhc,3utp_D-E_tcr.pdb,3utp_K-L_tcr.pdb,alpha_chain,3,0.48457820243471217
3uts_D-E-C-A-B_tcr_pmhc,3utp_D-E_tcr.pdb,3utp_K-L_tcr.pdb,beta_chain,1,0.25378521061278553
3uts_D-E-C-A-B_tcr_pmhc,3utp_D-E_tcr.pdb,3utp_K-L_tcr.pdb,beta_chain,2,0.1765653788401664
3uts_D-E-C-A-B_tcr_pmhc,3utp_D-E_tcr.pdb,3utp_K-L_tcr.pdb,beta_chain,3,0.39344536843092986
3uts_D-E-C-A-B_tcr_pmhc,3utp_D-E_tcr.pdb,3uts_D-E-C-A-B_tcr_pmhc.pdb,alpha_chain,1,0.2727796068546593
3uts_D-E-C-A-B_tcr_pmhc,3utp_D-E_tcr.pdb,3uts_D-E-C-A-B_tcr_pmhc.pdb,alpha_chain,2,0.344032638378842
3uts_D-E-C-A-B_tcr_pmhc,3utp_D-E_tcr.pdb,3uts_D-E-C-A-B_tcr_pmhc.pdb,alpha_chain,3,0.2866171369419155
3uts_D-E-C-A-B_tcr_pmhc,3utp_D-E_tcr.pdb,3uts_D-E-C-A-B_tcr_pmhc.pdb,beta_chain,1,0.2976110339609946
3uts_D-E-C-A-B_tcr_pmhc,3utp_D-E_tcr.pdb,3uts_D-E-C-A-B_tcr_pmhc.pdb,beta_chain,2,0.22435378533824663
3uts_D-E-C-A-B_tcr_pmhc,3utp_D-E_tcr.pdb,3uts_D-E-C-A-B_tcr_pmhc.pdb,beta_chain,3,0.33552780791531084
3uts_D-E-C-A-B_tcr_pmhc,3utp_K-L_tcr.pdb,3uts_D-E-C-A-B_tcr_pmhc.pdb,alpha_chain,1,0.21404130942391067
3uts_D-E-C-A-B_tcr_pmhc,3utp_K-L_tcr.pdb,3uts_D-E-C-A-B_tcr_pmhc.pdb,alpha_chain,2,0.36579185496396993
3uts_D-E-C-A-B_tcr_pmhc,3utp_K-L_tcr.pdb,3uts_D-E-C-A-B_tcr_pmhc.pdb,alpha_chain,3,0.4630485516241335
3uts_D-E-C-A-B_tcr_pmhc,3utp_K-L_tcr.pdb,3uts_D-E-C-A-B_tcr_pmhc.pdb,beta_chain,1,0.25860724106030825
3uts_D-E-C-A-B_tcr_pmhc,3utp_K-L_tcr.pdb,3uts_D-E-C-A-B_tcr_pmhc.pdb,beta_chain,2,0.15055077403363917
3uts_D-E-C-A-B_tcr_pmhc,3utp_K-L_tcr.pdb,3uts_D-E-C-A-B_tcr_pmhc.pdb,beta_chain,3,0.24132604469546623
3vxs_D-E-C-A-B_tcr_pmhc,3vxq_A-B_tcr.pdb,3vxq_D-E_tcr.pdb,alpha_chain,1,0.18115471842872963
3vxs_D-E-C-A-B_tcr_pmhc,3vxq_A-B_tcr.pdb,3vxq_D-E_tcr.pdb,alpha_chain,2,0.17383117077619098
3vxs_D-E-C-A-B_tcr_pmhc,3vxq_A-B_tcr.pdb,3vxq_D-E_tcr.pdb,alpha_chain,3,0.6462211359040186
3vxs_D-E-C-A-B_tcr_pmhc,3vxq_A-B_tcr.pdb,3vxq_D-E_tcr.pdb,beta_chain,1,0.2549613941482519
3vxs_D-E-C-A-B_tcr_pmhc,3vxq_A-B_tcr.pdb,3vxq_D-E_tcr.pdb,beta_chain,2,0.20072280609013163
3vxs_D-E-C-A-B_tcr_pmhc,3vxq_A-B_tcr.pdb,3vxq_D-E_tcr.pdb,beta_chain,3,0.24313395724067263
3vxs_D-E-C-A-B_tcr_pmhc,3vxq_A-B_tcr.pdb,3vxs_D-E-C-A-B_tcr_pmhc.pdb,alpha_chain,1,0.1893332322524004
3vxs_D-E-C-A-B_tcr_pmhc,3vxq_A-B_tcr.pdb,3vxs_D-E-C-A-B_tcr_pmhc.pdb,alpha_chain,2,0.24835023962769645
3vxs_D-E-C-A-B_tcr_pmhc,3vxq_A-B_tcr.pdb,3vxs_D-E-C-A-B_tcr_pmhc.pdb,alpha_chain,3,0.2796169094977648
3vxs_D-E-C-A-B_tcr_pmhc,3vxq_A-B_tcr.pdb,3vxs_D-E-C-A-B_tcr_pmhc.pdb,beta_chain,1,0.8502370190216145
3vxs_D-E-C-A-B_tcr_pmhc,3vxq_A-B_tcr.pdb,3vxs_D-E-C-A-B_tcr_pmhc.pdb,beta_chain,2,0.18144453066087163
3vxs_D-E-C-A-B_tcr_pmhc,3vxq_A-B_tcr.pdb,3vxs_D-E-C-A-B_tcr_pmhc.pdb,beta_chain,3,0.7987355020660623
3vxs_D-E-C-A-B_tcr_pmhc,3vxq_D-E_tcr.pdb,3vxs_D-E-C-A-B_tcr_pmhc.pdb,alpha_chain,1,0.1470794289682589
3vxs_D-E-C-A-B_tcr_pmhc,3vxq_D-E_tcr.pdb,3vxs_D-E-C-A-B_tcr_pmhc.pdb,alpha_chain,2,0.24646247543685312
3vxs_D-E-C-A-B_tcr_pmhc,3vxq_D-E_tcr.pdb,3vxs_D-E-C-A-B_tcr_pmhc.pdb,alpha_chain,3,0.6187168375415113
3vxs_D-E-C-A-B_tcr_pmhc,3vxq_D-E_tcr.pdb,3vxs_D-E-C-A-B_tcr_pmhc.pdb,beta_chain,1,0.9750903123992765
3vxs_D-E-C-A-B_tcr_pmhc,3vxq_D-E_tcr.pdb,3vxs_D-E-C-A-B_tcr_pmhc.pdb,beta_chain,2,0.1324428572285178
3vxs_D-E-C-A-B_tcr_pmhc,3vxq_D-E_tcr.pdb,3vxs_D-E-C-A-B_tcr_pmhc.pdb,beta_chain,3,0.8576467105756835
6vrm_D-E-P-A-B_tcr_pmhc,6vrm_D-E-P-A-B_tcr_pmhc.pdb,6vth_A-B_tcr.pdb,alpha_chain,1,0.2590808424436936
6vrm_D-E-P-A-B_tcr_pmhc,6vrm_D-E-P-A-B_tcr_pmhc.pdb,6vth_A-B_tcr.pdb,alpha_chain,2,0.8754939342689579
6vrm_D-E-P-A-B_tcr_pmhc,6vrm_D-E-P-A-B_tcr_pmhc.pdb,6vth_A-B_tcr.pdb,alpha_chain,3,1.3280298134903907
6vrm_D-E-P-A-B_tcr_pmhc,6vrm_D-E-P-A-B_tcr_pmhc.pdb,6vth_A-B_tcr.pdb,beta_chain,1,0.1647945386475372
6vrm_D-E-P-A-B_tcr_pmhc,6vrm_D-E-P-A-B_tcr_pmhc.pdb,6vth_A-B_tcr.pdb,beta_chain,2,0.3857708196639791
6vrm_D-E-P-A-B_tcr_pmhc,6vrm_D-E-P-A-B_tcr_pmhc.pdb,6vth_A-B_tcr.pdb,beta_chain,3,0.36057999944387525
6vrm_D-E-P-A-B_tcr_pmhc,6vrm_D-E-P-A-B_tcr_pmhc.pdb,6vth_D-E_tcr.pdb,alpha_chain,1,0.3041422352296846
6vrm_D-E-P-A-B_tcr_pmhc,6vrm_D-E-P-A-B_tcr_pmhc.pdb,6vth_D-E_tcr.pdb,alpha_chain,2,0.8826685960004524
6vrm_D-E-P-A-B_tcr_pmhc,6vrm_D-E-P-A-B_tcr_pmhc.pdb,6vth_D-E_tcr.pdb,alpha_chain,3,1.220616601530705
6vrm_D-E-P-A-B_tcr_pmhc,6vrm_D-E-P-A-B_tcr_pmhc.pdb,6vth_D-E_tcr.pdb,beta_chain,1,0.11771050800196178
6vrm_D-E-P-A-B_tcr_pmhc,6vrm_D-E-P-A-B_tcr_pmhc.pdb,6vth_D-E_tcr.pdb,beta_chain,2,0.8317128366082578
6vrm_D-E-P-A-B_tcr_pmhc,6vrm_D-E-P-A-B_tcr_pmhc.pdb,6vth_D-E_tcr.pdb,beta_chain,3,0.34472408993810955
6vrm_D-E-P-A-B_tcr_pmhc,6vth_A-B_tcr.pdb,6vth_D-E_tcr.pdb,alpha_chain,1,0.1408109873792817
6vrm_D-E-P-A-B_tcr_pmhc,6vth_A-B_tcr.pdb,6vth_D-E_tcr.pdb,alpha_chain,2,0.10447189520586611
6vrm_D-E-P-A-B_tcr_pmhc,6vth_A-B_tcr.pdb,6vth_D-E_tcr.pdb,alpha_chain,3,0.5827976164115017
6vrm_D-E-P-A-B_tcr_pmhc,6vth_A-B_tcr.pdb,6vth_D-E_tcr.pdb,beta_chain,1,0.1026109626039136
6vrm_D-E-P-A-B_tcr_pmhc,6vth_A-B_tcr.pdb,6vth_D-E_tcr.pdb,beta_chain,2,0.7383948257191972
6vrm_D-E-P-A-B_tcr_pmhc,6vth_A-B_tcr.pdb,6vth_D-E_tcr.pdb,beta_chain,3,0.18691900503716663
6avf_A-B-P-H-M_tcr_pmhc,6at6_A-B_tcr.pdb,6avf_A-B-P-H-M_tcr_pmhc.pdb,alpha_chain,1,0.265344002142472
6avf_A-B-P-H-M_tcr_pmhc,6at6_A-B_tcr.pdb,6avf_A-B-P-H-M_tcr_pmhc.pdb,alpha_chain,2,0.30330993700298714
6avf_A-B-P-H-M_tcr_pmhc,6at6_A-B_tcr.pdb,6avf_A-B-P-H-M_tcr_pmhc.pdb,alpha_chain,3,2.3840736700347573
6avf_A-B-P-H-M_tcr_pmhc,6at6_A-B_tcr.pdb,6avf_A-B-P-H-M_tcr_pmhc.pdb,beta_chain,1,0.1611829857966836
6avf_A-B-P-H-M_tcr_pmhc,6at6_A-B_tcr.pdb,6avf_A-B-P-H-M_tcr_pmhc.pdb,beta_chain,2,0.20596641751252526
6avf_A-B-P-H-M_tcr_pmhc,6at6_A-B_tcr.pdb,6avf_A-B-P-H-M_tcr_pmhc.pdb,beta_chain,3,0.23493823552097523
3kps_D-E-C-A-B_tcr_pmhc,1kgc_D-E_tcr.pdb,3kps_D-E-C-A-B_tcr_pmhc.pdb,alpha_chain,1,0.4297257028736054
3kps_D-E-C-A-B_tcr_pmhc,1kgc_D-E_tcr.pdb,3kps_D-E-C-A-B_tcr_pmhc.pdb,alpha_chain,2,1.4385517199327478
3kps_D-E-C-A-B_tcr_pmhc,1kgc_D-E_tcr.pdb,3kps_D-E-C-A-B_tcr_pmhc.pdb,alpha_chain,3,2.3132361295578083
3kps_D-E-C-A-B_tcr_pmhc,1kgc_D-E_tcr.pdb,3kps_D-E-C-A-B_tcr_pmhc.pdb,beta_chain,1,0.19781738477815775
3kps_D-E-C-A-B_tcr_pmhc,1kgc_D-E_tcr.pdb,3kps_D-E-C-A-B_tcr_pmhc.pdb,beta_chain,2,0.1576236721758942
3kps_D-E-C-A-B_tcr_pmhc,1kgc_D-E_tcr.pdb,3kps_D-E-C-A-B_tcr_pmhc.pdb,beta_chain,3,0.9404023579558748
1qsf_D-E-C-A-B_tcr_pmhc,1qsf_D-E-C-A-B_tcr_pmhc.pdb,3qh3_A-B_tcr.pdb,alpha_chain,1,0.308408812947802
1qsf_D-E-C-A-B_tcr_pmhc,1qsf_D-E-C-A-B_tcr_pmhc.pdb,3qh3_A-B_tcr.pdb,alpha_chain,2,0.49370295159707567
1qsf_D-E-C-A-B_tcr_pmhc,1qsf_D-E-C-A-B_tcr_pmhc.pdb,3qh3_A-B_tcr.pdb,alpha_chain,3,1.9672220272167005
1qsf_D-E-C-A-B_tcr_pmhc,1qsf_D-E-C-A-B_tcr_pmhc.pdb,3qh3_A-B_tcr.pdb,beta_chain,1,0.409273513791645
1qsf_D-E-C-A-B_tcr_pmhc,1qsf_D-E-C-A-B_tcr_pmhc.pdb,3qh3_A-B_tcr.pdb,beta_chain,2,0.3129831973930402
1qsf_D-E-C-A-B_tcr_pmhc,1qsf_D-E-C-A-B_tcr_pmhc.pdb,3qh3_A-B_tcr.pdb,beta_chain,3,1.3063657817986594
1qsf_D-E-C-A-B_tcr_pmhc,1qsf_D-E-C-A-B_tcr_pmhc.pdb,7amp_A-B_tcr.pdb,alpha_chain,1,0.42069218477594406
1qsf_D-E-C-A-B_tcr_pmhc,1qsf_D-E-C-A-B_tcr_pmhc.pdb,7amp_A-B_tcr.pdb,alpha_chain,2,0.5451172018425299
1qsf_D-E-C-A-B_tcr_pmhc,1qsf_D-E-C-A-B_tcr_pmhc.pdb,7amp_A-B_tcr.pdb,alpha_chain,3,0.5161734614519383
1qsf_D-E-C-A-B_tcr_pmhc,1qsf_D-E-C-A-B_tcr_pmhc.pdb,7amp_A-B_tcr.pdb,beta_chain,1,0.8565440452912808
1qsf_D-E-C-A-B_tcr_pmhc,1qsf_D-E-C-A-B_tcr_pmhc.pdb,7amp_A-B_tcr.pdb,beta_chain,2,0.34649039848097224
1qsf_D-E-C-A-B_tcr_pmhc,1qsf_D-E-C-A-B_tcr_pmhc.pdb,7amp_A-B_tcr.pdb,beta_chain,3,1.8113018206753186
1qsf_D-E-C-A-B_tcr_pmhc,3qh3_A-B_tcr.pdb,7amp_A-B_tcr.pdb,alpha_chain,1,0.448824129622024
1qsf_D-E-C-A-B_tcr_pmhc,3qh3_A-B_tcr.pdb,7amp_A-B_tcr.pdb,alpha_chain,2,0.2608939783322818
1qsf_D-E-C-A-B_tcr_pmhc,3qh3_A-B_tcr.pdb,7amp_A-B_tcr.pdb,alpha_chain,3,1.8317471496558502
1qsf_D-E-C-A-B_tcr_pmhc,3qh3_A-B_tcr.pdb,7amp_A-B_tcr.pdb,beta_chain,1,0.8474557026004189
1qsf_D-E-C-A-B_tcr_pmhc,3qh3_A-B_tcr.pdb,7amp_A-B_tcr.pdb,beta_chain,2,0.23953378065408415
1qsf_D-E-C-A-B_tcr_pmhc,3qh3_A-B_tcr.pdb,7amp_A-B_tcr.pdb,beta_chain,3,1.8866875985181948
7r80_A-B-E-C-D_tcr_pmhc,7r7z_A-B_tcr.pdb,7r80_A-B-E-C-D_tcr_pmhc.pdb,alpha_chain,1,1.2103623276720257
7r80_A-B-E-C-D_tcr_pmhc,7r7z_A-B_tcr.pdb,7r80_A-B-E-C-D_tcr_pmhc.pdb,alpha_chain,2,0.31112857760856605
7r80_A-B-E-C-D_tcr_pmhc,7r7z_A-B_tcr.pdb,7r80_A-B-E-C-D_tcr_pmhc.pdb,alpha_chain,3,0.5149074691387534
7r80_A-B-E-C-D_tcr_pmhc,7r7z_A-B_tcr.pdb,7r80_A-B-E-C-D_tcr_pmhc.pdb,beta_chain,1,0.23321020998295144
7r80_A-B-E-C-D_tcr_pmhc,7r7z_A-B_tcr.pdb,7r80_A-B-E-C-D_tcr_pmhc.pdb,beta_chain,2,0.2622447638432378
7r80_A-B-E-C-D_tcr_pmhc,7r7z_A-B_tcr.pdb,7r80_A-B-E-C-D_tcr_pmhc.pdb,beta_chain,3,0.6482574797969706
2vlk_D-E-C-A-B_tcr_pmhc,2vlk_D-E-C-A-B_tcr_pmhc.pdb,2vlm_D-E_tcr.pdb,alpha_chain,1,0.29718073274098766
2vlk_D-E-C-A-B_tcr_pmhc,2vlk_D-E-C-A-B_tcr_pmhc.pdb,2vlm_D-E_tcr.pdb,alpha_chain,2,0.24514024331320006
2vlk_D-E-C-A-B_tcr_pmhc,2vlk_D-E-C-A-B_tcr_pmhc.pdb,2vlm_D-E_tcr.pdb,alpha_chain,3,1.4231713409943683
2vlk_D-E-C-A-B_tcr_pmhc,2vlk_D-E-C-A-B_tcr_pmhc.pdb,2vlm_D-E_tcr.pdb,beta_chain,1,0.16255496288087537
2vlk_D-E-C-A-B_tcr_pmhc,2vlk_D-E-C-A-B_tcr_pmhc.pdb,2vlm_D-E_tcr.pdb,beta_chain,2,0.3350486237486234
2vlk_D-E-C-A-B_tcr_pmhc,2vlk_D-E-C-A-B_tcr_pmhc.pdb,2vlm_D-E_tcr.pdb,beta_chain,3,1.7943844673312874
7n1f_D-E-C-A-B_tcr_pmhc,7n1d_A-B_tcr.pdb,7n1f_D-E-C-A-B_tcr_pmhc.pdb,alpha_chain,1,0.37723755415659227
7n1f_D-E-C-A-B_tcr_pmhc,7n1d_A-B_tcr.pdb,7n1f_D-E-C-A-B_tcr_pmhc.pdb,alpha_chain,2,0.27057860362832276
7n1f_D-E-C-A-B_tcr_pmhc,7n1d_A-B_tcr.pdb,7n1f_D-E-C-A-B_tcr_pmhc.pdb,alpha_chain,3,0.42871715040711394
7n1f_D-E-C-A-B_tcr_pmhc,7n1d_A-B_tcr.pdb,7n1f_D-E-C-A-B_tcr_pmhc.pdb,beta_chain,1,0.17331638908101535
7n1f_D-E-C-A-B_tcr_pmhc,7n1d_A-B_tcr.pdb,7n1f_D-E-C-A-B_tcr_pmhc.pdb,beta_chain,2,0.14966453768766289
7n1f_D-E-C-A-B_tcr_pmhc,7n1d_A-B_tcr.pdb,7n1f_D-E-C-A-B_tcr_pmhc.pdb,beta_chain,3,0.20701775764806407
3utt_D-E-C-A-B_tcr_pmhc,3utp_D-E_tcr.pdb,3utp_K-L_tcr.pdb,alpha_chain,1,0.27673246628335324
3utt_D-E-C-A-B_tcr_pmhc,3utp_D-E_tcr.pdb,3utp_K-L_tcr.pdb,alpha_chain,2,0.3466118952613007
3utt_D-E-C-A-B_tcr_pmhc,3utp_D-E_tcr.pdb,3utp_K-L_tcr.pdb,alpha_chain,3,0.4844490579296357
3utt_D-E-C-A-B_tcr_pmhc,3utp_D-E_tcr.pdb,3utp_K-L_tcr.pdb,beta_chain,1,0.25374184431480873
3utt_D-E-C-A-B_tcr_pmhc,3utp_D-E_tcr.pdb,3utp_K-L_tcr.pdb,beta_chain,2,0.17659674454219723
3utt_D-E-C-A-B_tcr_pmhc,3utp_D-E_tcr.pdb,3utp_K-L_tcr.pdb,beta_chain,3,0.39357794668670937
3utt_D-E-C-A-B_tcr_pmhc,3utp_D-E_tcr.pdb,3utt_D-E-C-A-B_tcr_pmhc.pdb,alpha_chain,1,0.825505164413824
3utt_D-E-C-A-B_tcr_pmhc,3utp_D-E_tcr.pdb,3utt_D-E-C-A-B_tcr_pmhc.pdb,alpha_chain,2,1.042946410499329
3utt_D-E-C-A-B_tcr_pmhc,3utp_D-E_tcr.pdb,3utt_D-E-C-A-B_tcr_pmhc.pdb,alpha_chain,3,0.6173564790094005
3utt_D-E-C-A-B_tcr_pmhc,3utp_D-E_tcr.pdb,3utt_D-E-C-A-B_tcr_pmhc.pdb,beta_chain,1,0.18339792992092385
3utt_D-E-C-A-B_tcr_pmhc,3utp_D-E_tcr.pdb,3utt_D-E-C-A-B_tcr_pmhc.pdb,beta_chain,2,0.27428478221499436
3utt_D-E-C-A-B_tcr_pmhc,3utp_D-E_tcr.pdb,3utt_D-E-C-A-B_tcr_pmhc.pdb,beta_chain,3,0.2591614347495483
3utt_D-E-C-A-B_tcr_pmhc,3utp_K-L_tcr.pdb,3utt_D-E-C-A-B_tcr_pmhc.pdb,alpha_chain,1,0.7990313478674974
3utt_D-E-C-A-B_tcr_pmhc,3utp_K-L_tcr.pdb,3utt_D-E-C-A-B_tcr_pmhc.pdb,alpha_chain,2,0.8791690174139442
3utt_D-E-C-A-B_tcr_pmhc,3utp_K-L_tcr.pdb,3utt_D-E-C-A-B_tcr_pmhc.pdb,alpha_chain,3,0.7074643103705534
3utt_D-E-C-A-B_tcr_pmhc,3utp_K-L_tcr.pdb,3utt_D-E-C-A-B_tcr_pmhc.pdb,beta_chain,1,0.25791314120894276
3utt_D-E-C-A-B_tcr_pmhc,3utp_K-L_tcr.pdb,3utt_D-E-C-A-B_tcr_pmhc.pdb,beta_chain,2,0.2690777206834592
3utt_D-E-C-A-B_tcr_pmhc,3utp_K-L_tcr.pdb,3utt_D-E-C-A-B_tcr_pmhc.pdb,beta_chain,3,0.3023345294820018
5c09_D-E-C-A-B_tcr_pmhc,3utp_D-E_tcr.pdb,3utp_K-L_tcr.pdb,alpha_chain,1,0.27654049198305164
5c09_D-E-C-A-B_tcr_pmhc,3utp_D-E_tcr.pdb,3utp_K-L_tcr.pdb,alpha_chain,2,0.3465302611577691
5c09_D-E-C-A-B_tcr_pmhc,3utp_D-E_tcr.pdb,3utp_K-L_tcr.pdb,alpha_chain,3,0.4845496345344931
5c09_D-E-C-A-B_tcr_pmhc,3utp_D-E_tcr.pdb,3utp_K-L_tcr.pdb,beta_chain,1,0.2536483223330235
5c09_D-E-C-A-B_tcr_pmhc,3utp_D-E_tcr.pdb,3utp_K-L_tcr.pdb,beta_chain,2,0.17673500748113619
5c09_D-E-C-A-B_tcr_pmhc,3utp_D-E_tcr.pdb,3utp_K-L_tcr.pdb,beta_chain,3,0.393539591854204
5c09_D-E-C-A-B_tcr_pmhc,3utp_D-E_tcr.pdb,5c09_D-E-C-A-B_tcr_pmhc.pdb,alpha_chain,1,0.23503249832196577
5c09_D-E-C-A-B_tcr_pmhc,3utp_D-E_tcr.pdb,5c09_D-E-C-A-B_tcr_pmhc.pdb,alpha_chain,2,0.6048350766475282
5c09_D-E-C-A-B_tcr_pmhc,3utp_D-E_tcr.pdb,5c09_D-E-C-A-B_tcr_pmhc.pdb,alpha_chain,3,0.24590370351833934
5c09_D-E-C-A-B_tcr_pmhc,3utp_D-E_tcr.pdb,5c09_D-E-C-A-B_tcr_pmhc.pdb,beta_chain,1,0.21080922942131472
5c09_D-E-C-A-B_tcr_pmhc,3utp_D-E_tcr.pdb,5c09_D-E-C-A-B_tcr_pmhc.pdb,beta_chain,2,0.1602702959226183
5c09_D-E-C-A-B_tcr_pmhc,3utp_D-E_tcr.pdb,5c09_D-E-C-A-B_tcr_pmhc.pdb,beta_chain,3,0.33536787131015794
5c09_D-E-C-A-B_tcr_pmhc,3utp_K-L_tcr.pdb,5c09_D-E-C-A-B_tcr_pmhc.pdb,alpha_chain,1,0.21620493428202203
5c09_D-E-C-A-B_tcr_pmhc,3utp_K-L_tcr.pdb,5c09_D-E-C-A-B_tcr_pmhc.pdb,alpha_chain,2,0.5237356220556546
5c09_D-E-C-A-B_tcr_pmhc,3utp_K-L_tcr.pdb,5c09_D-E-C-A-B_tcr_pmhc.pdb,alpha_chain,3,0.47707748758663465
5c09_D-E-C-A-B_tcr_pmhc,3utp_K-L_tcr.pdb,5c09_D-E-C-A-B_tcr_pmhc.pdb,beta_chain,1,0.2462667356145005
5c09_D-E-C-A-B_tcr_pmhc,3utp_K-L_tcr.pdb,5c09_D-E-C-A-B_tcr_pmhc.pdb,beta_chain,2,0.1601148298285826
5c09_D-E-C-A-B_tcr_pmhc,3utp_K-L_tcr.pdb,5c09_D-E-C-A-B_tcr_pmhc.pdb,beta_chain,3,0.27473363985613447
5c08_D-E-C-A-B_tcr_pmhc,3utp_D-E_tcr.pdb,3utp_K-L_tcr.pdb,alpha_chain,1,0.2766081712083213
5c08_D-E-C-A-B_tcr_pmhc,3utp_D-E_tcr.pdb,3utp_K-L_tcr.pdb,alpha_chain,2,0.34665281833983286
5c08_D-E-C-A-B_tcr_pmhc,3utp_D-E_tcr.pdb,3utp_K-L_tcr.pdb,alpha_chain,3,0.48448117090656834
5c08_D-E-C-A-B_tcr_pmhc,3utp_D-E_tcr.pdb,3utp_K-L_tcr.pdb,beta_chain,1,0.2537658514459581
5c08_D-E-C-A-B_tcr_pmhc,3utp_D-E_tcr.pdb,3utp_K-L_tcr.pdb,beta_chain,2,0.17660336735888643
5c08_D-E-C-A-B_tcr_pmhc,3utp_D-E_tcr.pdb,3utp_K-L_tcr.pdb,beta_chain,3,0.3935685958739613
5c08_D-E-C-A-B_tcr_pmhc,3utp_D-E_tcr.pdb,5c08_D-E-C-A-B_tcr_pmhc.pdb,alpha_chain,1,0.7555290068131589
5c08_D-E-C-A-B_tcr_pmhc,3utp_D-E_tcr.pdb,5c08_D-E-C-A-B_tcr_pmhc.pdb,alpha_chain,2,1.398295986116369
5c08_D-E-C-A-B_tcr_pmhc,3utp_D-E_tcr.pdb,5c08_D-E-C-A-B_tcr_pmhc.pdb,alpha_chain,3,0.28673959560114076
5c08_D-E-C-A-B_tcr_pmhc,3utp_D-E_tcr.pdb,5c08_D-E-C-A-B_tcr_pmhc.pdb,beta_chain,1,0.21321326558175002
5c08_D-E-C-A-B_tcr_pmhc,3utp_D-E_tcr.pdb,5c08_D-E-C-A-B_tcr_pmhc.pdb,beta_chain,2,0.1886474616992854
5c08_D-E-C-A-B_tcr_pmhc,3utp_D-E_tcr.pdb,5c08_D-E-C-A-B_tcr_pmhc.pdb,beta_chain,3,0.3832389545886571
5c08_D-E-C-A-B_tcr_pmhc,3utp_K-L_tcr.pdb,5c08_D-E-C-A-B_tcr_pmhc.pdb,alpha_chain,1,0.730213986292705
5c08_D-E-C-A-B_tcr_pmhc,3utp_K-L_tcr.pdb,5c08_D-E-C-A-B_tcr_pmhc.pdb,alpha_chain,2,1.2792712644184083
5c08_D-E-C-A-B_tcr_pmhc,3utp_K-L_tcr.pdb,5c08_D-E-C-A-B_tcr_pmhc.pdb,alpha_chain,3,0.46507634306041457
5c08_D-E-C-A-B_tcr_pmhc,3utp_K-L_tcr.pdb,5c08_D-E-C-A-B_tcr_pmhc.pdb,beta_chain,1,0.17987977826026572
5c08_D-E-C-A-B_tcr_pmhc,3utp_K-L_tcr.pdb,5c08_D-E-C-A-B_tcr_pmhc.pdb,beta_chain,2,0.18487088376971988
5c08_D-E-C-A-B_tcr_pmhc,3utp_K-L_tcr.pdb,5c08_D-E-C-A-B_tcr_pmhc.pdb,beta_chain,3,0.28489532280225877
3qfj_D-E-C-A-B_tcr_pmhc,3qfj_D-E-C-A-B_tcr_pmhc.pdb,3qh3_A-B_tcr.pdb,alpha_chain,1,0.29743407639036734
3qfj_D-E-C-A-B_tcr_pmhc,3qfj_D-E-C-A-B_tcr_pmhc.pdb,3qh3_A-B_tcr.pdb,alpha_chain,2,0.2106587474023659
3qfj_D-E-C-A-B_tcr_pmhc,3qfj_D-E-C-A-B_tcr_pmhc.pdb,3qh3_A-B_tcr.pdb,alpha_chain,3,1.9565107422760155
3qfj_D-E-C-A-B_tcr_pmhc,3qfj_D-E-C-A-B_tcr_pmhc.pdb,3qh3_A-B_tcr.pdb,beta_chain,1,0.19726281497309345
3qfj_D-E-C-A-B_tcr_pmhc,3qfj_D-E-C-A-B_tcr_pmhc.pdb,3qh3_A-B_tcr.pdb,beta_chain,2,0.2601258355309415
3qfj_D-E-C-A-B_tcr_pmhc,3qfj_D-E-C-A-B_tcr_pmhc.pdb,3qh3_A-B_tcr.pdb,beta_chain,3,1.316914719841851
3qfj_D-E-C-A-B_tcr_pmhc,3qfj_D-E-C-A-B_tcr_pmhc.pdb,7amp_A-B_tcr.pdb,alpha_chain,1,0.42504283523206515
3qfj_D-E-C-A-B_tcr_pmhc,3qfj_D-E-C-A-B_tcr_pmhc.pdb,7amp_A-B_tcr.pdb,alpha_chain,2,0.3161505211818698
3qfj_D-E-C-A-B_tcr_pmhc,3qfj_D-E-C-A-B_tcr_pmhc.pdb,7amp_A-B_tcr.pdb,alpha_chain,3,0.578928099974391
3qfj_D-E-C-A-B_tcr_pmhc,3qfj_D-E-C-A-B_tcr_pmhc.pdb,7amp_A-B_tcr.pdb,beta_chain,1,0.8351414360858734
3qfj_D-E-C-A-B_tcr_pmhc,3qfj_D-E-C-A-B_tcr_pmhc.pdb,7amp_A-B_tcr.pdb,beta_chain,2,0.310200363532428
3qfj_D-E-C-A-B_tcr_pmhc,3qfj_D-E-C-A-B_tcr_pmhc.pdb,7amp_A-B_tcr.pdb,beta_chain,3,1.8989680350545945
3qfj_D-E-C-A-B_tcr_pmhc,3qh3_A-B_tcr.pdb,7amp_A-B_tcr.pdb,alpha_chain,1,0.448951891032658
3qfj_D-E-C-A-B_tcr_pmhc,3qh3_A-B_tcr.pdb,7amp_A-B_tcr.pdb,alpha_chain,2,0.2610379027705745
3qfj_D-E-C-A-B_tcr_pmhc,3qh3_A-B_tcr.pdb,7amp_A-B_tcr.pdb,alpha_chain,3,1.831651982961594
3qfj_D-E-C-A-B_tcr_pmhc,3qh3_A-B_tcr.pdb,7amp_A-B_tcr.pdb,beta_chain,1,0.8474814758309666
3qfj_D-E-C-A-B_tcr_pmhc,3qh3_A-B_tcr.pdb,7amp_A-B_tcr.pdb,beta_chain,2,0.2397136299419027
3qfj_D-E-C-A-B_tcr_pmhc,3qh3_A-B_tcr.pdb,7amp_A-B_tcr.pdb,beta_chain,3,1.8866442931465037
4jfd_D-E-C-A-B_tcr_pmhc,4jfd_D-E-C-A-B_tcr_pmhc.pdb,4jfh_D-E_tcr.pdb,alpha_chain,1,0.449307963001738
4jfd_D-E-C-A-B_tcr_pmhc,4jfd_D-E-C-A-B_tcr_pmhc.pdb,4jfh_D-E_tcr.pdb,alpha_chain,2,0.20830831873182018
4jfd_D-E-C-A-B_tcr_pmhc,4jfd_D-E-C-A-B_tcr_pmhc.pdb,4jfh_D-E_tcr.pdb,alpha_chain,3,0.95523766309793
4jfd_D-E-C-A-B_tcr_pmhc,4jfd_D-E-C-A-B_tcr_pmhc.pdb,4jfh_D-E_tcr.pdb,beta_chain,1,0.16035246802857123
4jfd_D-E-C-A-B_tcr_pmhc,4jfd_D-E-C-A-B_tcr_pmhc.pdb,4jfh_D-E_tcr.pdb,beta_chain,2,0.7736592790631713
4jfd_D-E-C-A-B_tcr_pmhc,4jfd_D-E-C-A-B_tcr_pmhc.pdb,4jfh_D-E_tcr.pdb,beta_chain,3,2.0626526186812906
7n1e_D-E-C-A-B_tcr_pmhc,7n1c_D-E_tcr.pdb,7n1e_D-E-C-A-B_tcr_pmhc.pdb,alpha_chain,1,0.8927289828572121
7n1e_D-E-C-A-B_tcr_pmhc,7n1c_D-E_tcr.pdb,7n1e_D-E-C-A-B_tcr_pmhc.pdb,alpha_chain,2,1.082822704406881
7n1e_D-E-C-A-B_tcr_pmhc,7n1c_D-E_tcr.pdb,7n1e_D-E-C-A-B_tcr_pmhc.pdb,alpha_chain,3,1.475461741796731
7n1e_D-E-C-A-B_tcr_pmhc,7n1c_D-E_tcr.pdb,7n1e_D-E-C-A-B_tcr_pmhc.pdb,beta_chain,1,0.11359269291806418
7n1e_D-E-C-A-B_tcr_pmhc,7n1c_D-E_tcr.pdb,7n1e_D-E-C-A-B_tcr_pmhc.pdb,beta_chain,2,0.20165638854398293
7n1e_D-E-C-A-B_tcr_pmhc,7n1c_D-E_tcr.pdb,7n1e_D-E-C-A-B_tcr_pmhc.pdb,beta_chain,3,2.5033065023010352
1ao7_D-E-C-A-B_tcr_pmhc,1ao7_D-E-C-A-B_tcr_pmhc.pdb,3qh3_A-B_tcr.pdb,alpha_chain,1,0.22787313397435707
1ao7_D-E-C-A-B_tcr_pmhc,1ao7_D-E-C-A-B_tcr_pmhc.pdb,3qh3_A-B_tcr.pdb,alpha_chain,2,0.5798148986757377
1ao7_D-E-C-A-B_tcr_pmhc,1ao7_D-E-C-A-B_tcr_pmhc.pdb,3qh3_A-B_tcr.pdb,alpha_chain,3,1.962509055673904
1ao7_D-E-C-A-B_tcr_pmhc,1ao7_D-E-C-A-B_tcr_pmhc.pdb,3qh3_A-B_tcr.pdb,beta_chain,1,0.37467637166499884
1ao7_D-E-C-A-B_tcr_pmhc,1ao7_D-E-C-A-B_tcr_pmhc.pdb,3qh3_A-B_tcr.pdb,beta_chain,2,0.2756841340216694
1ao7_D-E-C-A-B_tcr_pmhc,1ao7_D-E-C-A-B_tcr_pmhc.pdb,3qh3_A-B_tcr.pdb,beta_chain,3,1.2545938679259703
1ao7_D-E-C-A-B_tcr_pmhc,1ao7_D-E-C-A-B_tcr_pmhc.pdb,7amp_A-B_tcr.pdb,alpha_chain,1,0.3947873053490781
1ao7_D-E-C-A-B_tcr_pmhc,1ao7_D-E-C-A-B_tcr_pmhc.pdb,7amp_A-B_tcr.pdb,alpha_chain,2,0.616757887569549
1ao7_D-E-C-A-B_tcr_pmhc,1ao7_D-E-C-A-B_tcr_pmhc.pdb,7amp_A-B_tcr.pdb,alpha_chain,3,0.5281835519338602
1ao7_D-E-C-A-B_tcr_pmhc,1ao7_D-E-C-A-B_tcr_pmhc.pdb,7amp_A-B_tcr.pdb,beta_chain,1,0.8459442568569275
1ao7_D-E-C-A-B_tcr_pmhc,1ao7_D-E-C-A-B_tcr_pmhc.pdb,7amp_A-B_tcr.pdb,beta_chain,2,0.28793270721303627
1ao7_D-E-C-A-B_tcr_pmhc,1ao7_D-E-C-A-B_tcr_pmhc.pdb,7amp_A-B_tcr.pdb,beta_chain,3,1.9176515099512053
1ao7_D-E-C-A-B_tcr_pmhc,3qh3_A-B_tcr.pdb,7amp_A-B_tcr.pdb,alpha_chain,1,0.44887535215130697
1ao7_D-E-C-A-B_tcr_pmhc,3qh3_A-B_tcr.pdb,7amp_A-B_tcr.pdb,alpha_chain,2,0.260934893976617
1ao7_D-E-C-A-B_tcr_pmhc,3qh3_A-B_tcr.pdb,7amp_A-B_tcr.pdb,alpha_chain,3,1.8316566777942092
1ao7_D-E-C-A-B_tcr_pmhc,3qh3_A-B_tcr.pdb,7amp_A-B_tcr.pdb,beta_chain,1,0.847460267519224
1ao7_D-E-C-A-B_tcr_pmhc,3qh3_A-B_tcr.pdb,7amp_A-B_tcr.pdb,beta_chain,2,0.2395734788703186
1ao7_D-E-C-A-B_tcr_pmhc,3qh3_A-B_tcr.pdb,7amp_A-B_tcr.pdb,beta_chain,3,1.8866803684530857
6tmo_D-E-C-A-B_tcr_pmhc,4jfh_D-E_tcr.pdb,6tmo_D-E-C-A-B_tcr_pmhc.pdb,alpha_chain,1,0.40668578903820773
6tmo_D-E-C-A-B_tcr_pmhc,4jfh_D-E_tcr.pdb,6tmo_D-E-C-A-B_tcr_pmhc.pdb,alpha_chain,2,0.2073755272588997
6tmo_D-E-C-A-B_tcr_pmhc,4jfh_D-E_tcr.pdb,6tmo_D-E-C-A-B_tcr_pmhc.pdb,alpha_chain,3,0.8801489366295543
6tmo_D-E-C-A-B_tcr_pmhc,4jfh_D-E_tcr.pdb,6tmo_D-E-C-A-B_tcr_pmhc.pdb,beta_chain,1,0.18853662196996016
6tmo_D-E-C-A-B_tcr_pmhc,4jfh_D-E_tcr.pdb,6tmo_D-E-C-A-B_tcr_pmhc.pdb,beta_chain,2,0.7293414311252345
6tmo_D-E-C-A-B_tcr_pmhc,4jfh_D-E_tcr.pdb,6tmo_D-E-C-A-B_tcr_pmhc.pdb,beta_chain,3,2.0607408581975037
2bnq_D-E-C-A-B_tcr_pmhc,2bnq_D-E-C-A-B_tcr_pmhc.pdb,2bnu_A-B_tcr.pdb,alpha_chain,1,0.10885806511543253
2bnq_D-E-C-A-B_tcr_pmhc,2bnq_D-E-C-A-B_tcr_pmhc.pdb,2bnu_A-B_tcr.pdb,alpha_chain,2,0.3814979591407203
2bnq_D-E-C-A-B_tcr_pmhc,2bnq_D-E-C-A-B_tcr_pmhc.pdb,2bnu_A-B_tcr.pdb,alpha_chain,3,1.51006086159025
2bnq_D-E-C-A-B_tcr_pmhc,2bnq_D-E-C-A-B_tcr_pmhc.pdb,2bnu_A-B_tcr.pdb,beta_chain,1,0.0584846648266147
2bnq_D-E-C-A-B_tcr_pmhc,2bnq_D-E-C-A-B_tcr_pmhc.pdb,2bnu_A-B_tcr.pdb,beta_chain,2,0.29371049777717007
2bnq_D-E-C-A-B_tcr_pmhc,2bnq_D-E-C-A-B_tcr_pmhc.pdb,2bnu_A-B_tcr.pdb,beta_chain,3,0.621960959757514
5c07_D-E-C-A-B_tcr_pmhc,3utp_D-E_tcr.pdb,3utp_K-L_tcr.pdb,alpha_chain,1,0.27672699439930276
5c07_D-E-C-A-B_tcr_pmhc,3utp_D-E_tcr.pdb,3utp_K-L_tcr.pdb,alpha_chain,2,0.34669975378872275
5c07_D-E-C-A-B_tcr_pmhc,3utp_D-E_tcr.pdb,3utp_K-L_tcr.pdb,alpha_chain,3,0.484456534652777
5c07_D-E-C-A-B_tcr_pmhc,3utp_D-E_tcr.pdb,3utp_K-L_tcr.pdb,beta_chain,1,0.2537854378114508
5c07_D-E-C-A-B_tcr_pmhc,3utp_D-E_tcr.pdb,3utp_K-L_tcr.pdb,beta_chain,2,0.1766010917744692
5c07_D-E-C-A-B_tcr_pmhc,3utp_D-E_tcr.pdb,3utp_K-L_tcr.pdb,beta_chain,3,0.3934372440317587
5c07_D-E-C-A-B_tcr_pmhc,3utp_D-E_tcr.pdb,5c07_D-E-C-A-B_tcr_pmhc.pdb,alpha_chain,1,0.26697669975752053
5c07_D-E-C-A-B_tcr_pmhc,3utp_D-E_tcr.pdb,5c07_D-E-C-A-B_tcr_pmhc.pdb,alpha_chain,2,0.8704495239912761
5c07_D-E-C-A-B_tcr_pmhc,3utp_D-E_tcr.pdb,5c07_D-E-C-A-B_tcr_pmhc.pdb,alpha_chain,3,0.25044219684367536
5c07_D-E-C-A-B_tcr_pmhc,3utp_D-E_tcr.pdb,5c07_D-E-C-A-B_tcr_pmhc.pdb,beta_chain,1,0.2337662433459516
5c07_D-E-C-A-B_tcr_pmhc,3utp_D-E_tcr.pdb,5c07_D-E-C-A-B_tcr_pmhc.pdb,beta_chain,2,0.22639070542585776
5c07_D-E-C-A-B_tcr_pmhc,3utp_D-E_tcr.pdb,5c07_D-E-C-A-B_tcr_pmhc.pdb,beta_chain,3,0.33613740768243705
5c07_D-E-C-A-B_tcr_pmhc,3utp_K-L_tcr.pdb,5c07_D-E-C-A-B_tcr_pmhc.pdb,alpha_chain,1,0.2024458926183318
5c07_D-E-C-A-B_tcr_pmhc,3utp_K-L_tcr.pdb,5c07_D-E-C-A-B_tcr_pmhc.pdb,alpha_chain,2,0.7464164622796414
5c07_D-E-C-A-B_tcr_pmhc,3utp_K-L_tcr.pdb,5c07_D-E-C-A-B_tcr_pmhc.pdb,alpha_chain,3,0.44427898626481743
5c07_D-E-C-A-B_tcr_pmhc,3utp_K-L_tcr.pdb,5c07_D-E-C-A-B_tcr_pmhc.pdb,beta_chain,1,0.2321055848877475
5c07_D-E-C-A-B_tcr_pmhc,3utp_K-L_tcr.pdb,5c07_D-E-C-A-B_tcr_pmhc.pdb,beta_chain,2,0.16715661109328034
5c07_D-E-C-A-B_tcr_pmhc,3utp_K-L_tcr.pdb,5c07_D-E-C-A-B_tcr_pmhc.pdb,beta_chain,3,0.30131962578495286
3qdj_D-E-C-A-B_tcr_pmhc,3qdj_D-E-C-A-B_tcr_pmhc.pdb,3qeu_A-B_tcr.pdb,alpha_chain,1,1.2888875025813378
3qdj_D-E-C-A-B_tcr_pmhc,3qdj_D-E-C-A-B_tcr_pmhc.pdb,3qeu_A-B_tcr.pdb,alpha_chain,2,0.21952264567186203
3qdj_D-E-C-A-B_tcr_pmhc,3qdj_D-E-C-A-B_tcr_pmhc.pdb,3qeu_A-B_tcr.pdb,alpha_chain,3,0.9610526881183972
3qdj_D-E-C-A-B_tcr_pmhc,3qdj_D-E-C-A-B_tcr_pmhc.pdb,3qeu_A-B_tcr.pdb,beta_chain,1,0.11592329161993356
3qdj_D-E-C-A-B_tcr_pmhc,3qdj_D-E-C-A-B_tcr_pmhc.pdb,3qeu_A-B_tcr.pdb,beta_chain,2,0.2676867844672378
3qdj_D-E-C-A-B_tcr_pmhc,3qdj_D-E-C-A-B_tcr_pmhc.pdb,3qeu_A-B_tcr.pdb,beta_chain,3,0.24985371164124837
3qdj_D-E-C-A-B_tcr_pmhc,3qdj_D-E-C-A-B_tcr_pmhc.pdb,3qeu_D-E_tcr.pdb,alpha_chain,1,1.3960493343412277
3qdj_D-E-C-A-B_tcr_pmhc,3qdj_D-E-C-A-B_tcr_pmhc.pdb,3qeu_D-E_tcr.pdb,alpha_chain,2,0.21977471407324012
3qdj_D-E-C-A-B_tcr_pmhc,3qdj_D-E-C-A-B_tcr_pmhc.pdb,3qeu_D-E_tcr.pdb,alpha_chain,3,1.474665357436633
3qdj_D-E-C-A-B_tcr_pmhc,3qdj_D-E-C-A-B_tcr_pmhc.pdb,3qeu_D-E_tcr.pdb,beta_chain,1,0.1711617929578288
3qdj_D-E-C-A-B_tcr_pmhc,3qdj_D-E-C-A-B_tcr_pmhc.pdb,3qeu_D-E_tcr.pdb,beta_chain,2,0.2533628312436249
3qdj_D-E-C-A-B_tcr_pmhc,3qdj_D-E-C-A-B_tcr_pmhc.pdb,3qeu_D-E_tcr.pdb,beta_chain,3,0.16819507918441776
3qdj_D-E-C-A-B_tcr_pmhc,3qeu_A-B_tcr.pdb,3qeu_D-E_tcr.pdb,alpha_chain,1,0.9361647367612344
3qdj_D-E-C-A-B_tcr_pmhc,3qeu_A-B_tcr.pdb,3qeu_D-E_tcr.pdb,alpha_chain,2,0.11991672741314244
3qdj_D-E-C-A-B_tcr_pmhc,3qeu_A-B_tcr.pdb,3qeu_D-E_tcr.pdb,alpha_chain,3,1.0550189189663615
3qdj_D-E-C-A-B_tcr_pmhc,3qeu_A-B_tcr.pdb,3qeu_D-E_tcr.pdb,beta_chain,1,0.12497557678477664
3qdj_D-E-C-A-B_tcr_pmhc,3qeu_A-B_tcr.pdb,3qeu_D-E_tcr.pdb,beta_chain,2,0.2906663178222779
3qdj_D-E-C-A-B_tcr_pmhc,3qeu_A-B_tcr.pdb,3qeu_D-E_tcr.pdb,beta_chain,3,0.1647106760159795
4jff_D-E-C-A-B_tcr_pmhc,4jff_D-E-C-A-B_tcr_pmhc.pdb,4jfh_D-E_tcr.pdb,alpha_chain,1,0.39710171938865524
4jff_D-E-C-A-B_tcr_pmhc,4jff_D-E-C-A-B_tcr_pmhc.pdb,4jfh_D-E_tcr.pdb,alpha_chain,2,0.21336667894792646
4jff_D-E-C-A-B_tcr_pmhc,4jff_D-E-C-A-B_tcr_pmhc.pdb,4jfh_D-E_tcr.pdb,alpha_chain,3,0.8786080337489045
4jff_D-E-C-A-B_tcr_pmhc,4jff_D-E-C-A-B_tcr_pmhc.pdb,4jfh_D-E_tcr.pdb,beta_chain,1,0.13694750918925364
4jff_D-E-C-A-B_tcr_pmhc,4jff_D-E-C-A-B_tcr_pmhc.pdb,4jfh_D-E_tcr.pdb,beta_chain,2,0.7397045356391251
4jff_D-E-C-A-B_tcr_pmhc,4jff_D-E-C-A-B_tcr_pmhc.pdb,4jfh_D-E_tcr.pdb,beta_chain,3,2.0692842372468894
5nme_D-E-C-A-B_tcr_pmhc,5nmd_A-B_tcr.pdb,5nmd_C-D_tcr.pdb,alpha_chain,1,0.07202134895400851
5nme_D-E-C-A-B_tcr_pmhc,5nmd_A-B_tcr.pdb,5nmd_C-D_tcr.pdb,alpha_chain,2,0.06535032550222199
5nme_D-E-C-A-B_tcr_pmhc,5nmd_A-B_tcr.pdb,5nmd_C-D_tcr.pdb,alpha_chain,3,1.6383508391583137
5nme_D-E-C-A-B_tcr_pmhc,5nmd_A-B_tcr.pdb,5nmd_C-D_tcr.pdb,beta_chain,1,0.07088508260432551
5nme_D-E-C-A-B_tcr_pmhc,5nmd_A-B_tcr.pdb,5nmd_C-D_tcr.pdb,beta_chain,2,0.10157573115091444
5nme_D-E-C-A-B_tcr_pmhc,5nmd_A-B_tcr.pdb,5nmd_C-D_tcr.pdb,beta_chain,3,1.0483031047521354
5nme_D-E-C-A-B_tcr_pmhc,5nmd_A-B_tcr.pdb,5nme_D-E-C-A-B_tcr_pmhc.pdb,alpha_chain,1,0.31217850786499585
5nme_D-E-C-A-B_tcr_pmhc,5nmd_A-B_tcr.pdb,5nme_D-E-C-A-B_tcr_pmhc.pdb,alpha_chain,2,0.2838429565161607
5nme_D-E-C-A-B_tcr_pmhc,5nmd_A-B_tcr.pdb,5nme_D-E-C-A-B_tcr_pmhc.pdb,alpha_chain,3,1.6705044176277806
5nme_D-E-C-A-B_tcr_pmhc,5nmd_A-B_tcr.pdb,5nme_D-E-C-A-B_tcr_pmhc.pdb,beta_chain,1,0.16189299271786187
5nme_D-E-C-A-B_tcr_pmhc,5nmd_A-B_tcr.pdb,5nme_D-E-C-A-B_tcr_pmhc.pdb,beta_chain,2,0.2933086587061857
5nme_D-E-C-A-B_tcr_pmhc,5nmd_A-B_tcr.pdb,5nme_D-E-C-A-B_tcr_pmhc.pdb,beta_chain,3,1.0403511015064928
5nme_D-E-C-A-B_tcr_pmhc,5nmd_C-D_tcr.pdb,5nme_D-E-C-A-B_tcr_pmhc.pdb,alpha_chain,1,0.26930187778085385
5nme_D-E-C-A-B_tcr_pmhc,5nmd_C-D_tcr.pdb,5nme_D-E-C-A-B_tcr_pmhc.pdb,alpha_chain,2,0.2632909345271298
5nme_D-E-C-A-B_tcr_pmhc,5nmd_C-D_tcr.pdb,5nme_D-E-C-A-B_tcr_pmhc.pdb,alpha_chain,3,0.4750824637637088
5nme_D-E-C-A-B_tcr_pmhc,5nmd_C-D_tcr.pdb,5nme_D-E-C-A-B_tcr_pmhc.pdb,beta_chain,1,0.19536614212078302
5nme_D-E-C-A-B_tcr_pmhc,5nmd_C-D_tcr.pdb,5nme_D-E-C-A-B_tcr_pmhc.pdb,beta_chain,2,0.23763375127383252
5nme_D-E-C-A-B_tcr_pmhc,5nmd_C-D_tcr.pdb,5nme_D-E-C-A-B_tcr_pmhc.pdb,beta_chain,3,0.47135516850264414
5hhm_D-E-C-A-B_tcr_pmhc,2vlm_D-E_tcr.pdb,5hhm_D-E-C-A-B_tcr_pmhc.pdb,alpha_chain,1,1.7692719871934537
5hhm_D-E-C-A-B_tcr_pmhc,2vlm_D-E_tcr.pdb,5hhm_D-E-C-A-B_tcr_pmhc.pdb,alpha_chain,2,0.9122988638011689
5hhm_D-E-C-A-B_tcr_pmhc,2vlm_D-E_tcr.pdb,5hhm_D-E-C-A-B_tcr_pmhc.pdb,beta_chain,1,0.16784242806891267
5hhm_D-E-C-A-B_tcr_pmhc,2vlm_D-E_tcr.pdb,5hhm_D-E-C-A-B_tcr_pmhc.pdb,beta_chain,2,0.33559355709578054
5hhm_D-E-C-A-B_tcr_pmhc,2vlm_D-E_tcr.pdb,5hhm_D-E-C-A-B_tcr_pmhc.pdb,beta_chain,3,1.7841904719689783
3kpr_D-E-C-A-B_tcr_pmhc,1kgc_D-E_tcr.pdb,3kpr_D-E-C-A-B_tcr_pmhc.pdb,alpha_chain,1,0.4640855377760967
3kpr_D-E-C-A-B_tcr_pmhc,1kgc_D-E_tcr.pdb,3kpr_D-E-C-A-B_tcr_pmhc.pdb,alpha_chain,2,1.3635538509052987
3kpr_D-E-C-A-B_tcr_pmhc,1kgc_D-E_tcr.pdb,3kpr_D-E-C-A-B_tcr_pmhc.pdb,alpha_chain,3,2.424178520858679
3kpr_D-E-C-A-B_tcr_pmhc,1kgc_D-E_tcr.pdb,3kpr_D-E-C-A-B_tcr_pmhc.pdb,beta_chain,1,0.18063943971990437
3kpr_D-E-C-A-B_tcr_pmhc,1kgc_D-E_tcr.pdb,3kpr_D-E-C-A-B_tcr_pmhc.pdb,beta_chain,2,0.165918980582323
3kpr_D-E-C-A-B_tcr_pmhc,1kgc_D-E_tcr.pdb,3kpr_D-E-C-A-B_tcr_pmhc.pdb,beta_chain,3,0.9702236313813084
1oga_D-E-C-A-B_tcr_pmhc,1oga_D-E-C-A-B_tcr_pmhc.pdb,2vlm_D-E_tcr.pdb,alpha_chain,1,0.33526424136697924
1oga_D-E-C-A-B_tcr_pmhc,1oga_D-E-C-A-B_tcr_pmhc.pdb,2vlm_D-E_tcr.pdb,alpha_chain,2,0.24138847949084621
1oga_D-E-C-A-B_tcr_pmhc,1oga_D-E-C-A-B_tcr_pmhc.pdb,2vlm_D-E_tcr.pdb,alpha_chain,3,1.445085314833781
1oga_D-E-C-A-B_tcr_pmhc,1oga_D-E-C-A-B_tcr_pmhc.pdb,2vlm_D-E_tcr.pdb,beta_chain,1,0.13820251808530826
1oga_D-E-C-A-B_tcr_pmhc,1oga_D-E-C-A-B_tcr_pmhc.pdb,2vlm_D-E_tcr.pdb,beta_chain,2,0.3374906176284113
1oga_D-E-C-A-B_tcr_pmhc,1oga_D-E-C-A-B_tcr_pmhc.pdb,2vlm_D-E_tcr.pdb,beta_chain,3,1.7746267056489935
7rtr_D-E-C-A-B_tcr_pmhc,7n1d_A-B_tcr.pdb,7rtr_D-E-C-A-B_tcr_pmhc.pdb,alpha_chain,1,0.4200150276094966
7rtr_D-E-C-A-B_tcr_pmhc,7n1d_A-B_tcr.pdb,7rtr_D-E-C-A-B_tcr_pmhc.pdb,alpha_chain,2,0.20641402508953657
7rtr_D-E-C-A-B_tcr_pmhc,7n1d_A-B_tcr.pdb,7rtr_D-E-C-A-B_tcr_pmhc.pdb,alpha_chain,3,0.4590901457112578
7rtr_D-E-C-A-B_tcr_pmhc,7n1d_A-B_tcr.pdb,7rtr_D-E-C-A-B_tcr_pmhc.pdb,beta_chain,1,0.25566753066477266
7rtr_D-E-C-A-B_tcr_pmhc,7n1d_A-B_tcr.pdb,7rtr_D-E-C-A-B_tcr_pmhc.pdb,beta_chain,2,0.17512337441780362
7rtr_D-E-C-A-B_tcr_pmhc,7n1d_A-B_tcr.pdb,7rtr_D-E-C-A-B_tcr_pmhc.pdb,beta_chain,3,0.22380139981308786
